firm_id,year1,probabilidad_riesgo,prediccion,etiqueta_real,correcto,clasificacion
315.0,2018.0,0.9999976,1,1,1,⚠️ Riesgo
765.0,2018.0,0.99998903,1,1,1,⚠️ Riesgo
273.0,2018.0,0.9999882,1,1,1,⚠️ Riesgo
534.0,2018.0,0.9999875,1,1,1,⚠️ Riesgo
1486.0,2018.0,0.99997365,1,1,1,⚠️ Riesgo
1359.0,2018.0,0.99996233,1,1,1,⚠️ Riesgo
1507.0,2018.0,0.99996006,1,1,1,⚠️ Riesgo
46.0,2018.0,0.9999423,1,1,1,⚠️ Riesgo
839.0,2018.0,0.9999405,1,1,1,⚠️ Riesgo
1502.0,2018.0,0.9999399,1,1,1,⚠️ Riesgo
1160.0,2017.0,0.9999292,1,1,1,⚠️ Riesgo
773.0,2018.0,0.9999031,1,1,1,⚠️ Riesgo
141.0,2018.0,0.99987805,1,1,1,⚠️ Riesgo
1169.0,2017.0,0.99984527,1,1,1,⚠️ Riesgo
78.0,2018.0,0.9998354,1,1,1,⚠️ Riesgo
1554.0,2018.0,0.999824,1,1,1,⚠️ Riesgo
1483.0,2018.0,0.9998122,1,1,1,⚠️ Riesgo
167.0,2018.0,0.99980646,1,1,1,⚠️ Riesgo
1109.0,2018.0,0.9997986,1,1,1,⚠️ Riesgo
1480.0,2018.0,0.9997949,1,1,1,⚠️ Riesgo
1102.0,2018.0,0.99979013,1,1,1,⚠️ Riesgo
1119.0,2018.0,0.9997707,1,1,1,⚠️ Riesgo
1475.0,2018.0,0.9997651,1,1,1,⚠️ Riesgo
1485.0,2018.0,0.9997608,1,1,1,⚠️ Riesgo
1169.0,2018.0,0.99976045,1,1,1,⚠️ Riesgo
1494.0,2018.0,0.9997429,1,1,1,⚠️ Riesgo
1549.0,2018.0,0.9997211,1,1,1,⚠️ Riesgo
1543.0,2018.0,0.9997205,1,1,1,⚠️ Riesgo
758.0,2018.0,0.9996309,1,1,1,⚠️ Riesgo
1175.0,2017.0,0.9993494,1,1,1,⚠️ Riesgo
1261.0,2018.0,0.9992478,1,1,1,⚠️ Riesgo
1426.0,2018.0,0.9992293,1,1,1,⚠️ Riesgo
1175.0,2018.0,0.9992291,1,1,1,⚠️ Riesgo
563.0,2018.0,0.99918157,1,1,1,⚠️ Riesgo
1314.0,2018.0,0.9991334,1,1,1,⚠️ Riesgo
1186.0,2018.0,0.9990013,1,1,1,⚠️ Riesgo
470.0,2018.0,0.99897516,1,1,1,⚠️ Riesgo
511.0,2018.0,0.99883133,1,1,1,⚠️ Riesgo
717.0,2018.0,0.9986274,1,1,1,⚠️ Riesgo
875.0,2018.0,0.99849474,1,1,1,⚠️ Riesgo
260.0,2018.0,0.9983316,1,1,1,⚠️ Riesgo
636.0,2018.0,0.9983088,1,1,1,⚠️ Riesgo
267.0,2018.0,0.99816304,1,1,1,⚠️ Riesgo
747.0,2018.0,0.998055,1,1,1,⚠️ Riesgo
149.0,2018.0,0.998013,1,1,1,⚠️ Riesgo
1177.0,2017.0,0.9979948,1,1,1,⚠️ Riesgo
88.0,2018.0,0.99772006,1,1,1,⚠️ Riesgo
144.0,2018.0,0.9976903,1,1,1,⚠️ Riesgo
16.0,2018.0,0.9976688,1,1,1,⚠️ Riesgo
1452.0,2018.0,0.9976173,1,1,1,⚠️ Riesgo
897.0,2018.0,0.99754626,1,1,1,⚠️ Riesgo
570.0,2018.0,0.99744,1,1,1,⚠️ Riesgo
425.0,2018.0,0.99738854,1,1,1,⚠️ Riesgo
1161.0,2017.0,0.9972796,1,1,1,⚠️ Riesgo
714.0,2018.0,0.9970548,1,1,1,⚠️ Riesgo
1313.0,2018.0,0.9970548,1,1,1,⚠️ Riesgo
1161.0,2018.0,0.9970009,1,1,1,⚠️ Riesgo
161.0,2018.0,0.99679273,1,1,1,⚠️ Riesgo
975.0,2018.0,0.99659294,1,1,1,⚠️ Riesgo
1294.0,2018.0,0.99647254,1,1,1,⚠️ Riesgo
15.0,2018.0,0.99646735,1,1,1,⚠️ Riesgo
1336.0,2018.0,0.9963934,1,1,1,⚠️ Riesgo
1273.0,2018.0,0.9962585,1,1,1,⚠️ Riesgo
1139.0,2018.0,0.9962463,1,1,1,⚠️ Riesgo
1219.0,2018.0,0.99615353,1,1,1,⚠️ Riesgo
270.0,2017.0,0.99606436,1,1,1,⚠️ Riesgo
417.0,2018.0,0.99596006,1,1,1,⚠️ Riesgo
263.0,2018.0,0.99560094,1,1,1,⚠️ Riesgo
270.0,2018.0,0.99559504,1,1,1,⚠️ Riesgo
285.0,2018.0,0.9951799,1,1,1,⚠️ Riesgo
1160.0,2018.0,0.99504745,1,1,1,⚠️ Riesgo
572.0,2018.0,0.99499315,1,1,1,⚠️ Riesgo
685.0,2018.0,0.99497664,1,1,1,⚠️ Riesgo
497.0,2018.0,0.9949673,1,1,1,⚠️ Riesgo
476.0,2017.0,0.99494296,1,1,1,⚠️ Riesgo
1493.0,2018.0,0.99423355,1,1,1,⚠️ Riesgo
926.0,2018.0,0.9941864,1,1,1,⚠️ Riesgo
1264.0,2018.0,0.99408406,1,1,1,⚠️ Riesgo
1348.0,2018.0,0.9938443,1,1,1,⚠️ Riesgo
1355.0,2018.0,0.99377185,1,1,1,⚠️ Riesgo
1231.0,2018.0,0.9937225,1,1,1,⚠️ Riesgo
12.0,2018.0,0.99367225,1,1,1,⚠️ Riesgo
592.0,2018.0,0.99331963,1,1,1,⚠️ Riesgo
1264.0,2017.0,0.99318486,1,1,1,⚠️ Riesgo
259.0,2018.0,0.993159,1,1,1,⚠️ Riesgo
508.0,2018.0,0.9930803,1,1,1,⚠️ Riesgo
245.0,2018.0,0.9930733,1,1,1,⚠️ Riesgo
1107.0,2018.0,0.99295723,1,1,1,⚠️ Riesgo
1511.0,2018.0,0.9928207,1,1,1,⚠️ Riesgo
1298.0,2018.0,0.99275136,1,1,1,⚠️ Riesgo
1120.0,2018.0,0.9926206,1,1,1,⚠️ Riesgo
1186.0,2017.0,0.992411,1,1,1,⚠️ Riesgo
1469.0,2018.0,0.99218154,1,1,1,⚠️ Riesgo
735.0,2017.0,0.9915025,1,1,1,⚠️ Riesgo
285.0,2017.0,0.99116534,1,1,1,⚠️ Riesgo
766.0,2017.0,0.99112344,1,1,1,⚠️ Riesgo
1282.0,2018.0,0.99106044,1,1,1,⚠️ Riesgo
241.0,2017.0,0.99050796,1,1,1,⚠️ Riesgo
1506.0,2018.0,0.9904697,1,1,1,⚠️ Riesgo
792.0,2018.0,0.9903819,1,1,1,⚠️ Riesgo
1464.0,2018.0,0.9903639,1,1,1,⚠️ Riesgo
248.0,2018.0,0.9900755,1,1,1,⚠️ Riesgo
193.0,2018.0,0.9895583,1,1,1,⚠️ Riesgo
284.0,2017.0,0.9895404,1,1,1,⚠️ Riesgo
38.0,2018.0,0.98932695,1,1,1,⚠️ Riesgo
1166.0,2018.0,0.9893199,1,1,1,⚠️ Riesgo
136.0,2018.0,0.98875624,1,1,1,⚠️ Riesgo
199.0,2018.0,0.9878444,1,1,1,⚠️ Riesgo
115.0,2018.0,0.9877913,1,1,1,⚠️ Riesgo
1479.0,2018.0,0.9877373,1,1,1,⚠️ Riesgo
750.0,2018.0,0.9876987,1,1,1,⚠️ Riesgo
1246.0,2017.0,0.98730904,1,1,1,⚠️ Riesgo
1510.0,2018.0,0.9868635,1,1,1,⚠️ Riesgo
94.0,2018.0,0.98683727,1,1,1,⚠️ Riesgo
1.0,2018.0,0.9865791,1,1,1,⚠️ Riesgo
125.0,2018.0,0.9864992,1,1,1,⚠️ Riesgo
1472.0,2018.0,0.986408,1,1,1,⚠️ Riesgo
1187.0,2017.0,0.98625016,1,1,1,⚠️ Riesgo
1551.0,2018.0,0.98622173,1,1,1,⚠️ Riesgo
1121.0,2018.0,0.98613095,1,1,1,⚠️ Riesgo
302.0,2017.0,0.98607486,1,1,1,⚠️ Riesgo
947.0,2018.0,0.9856054,1,1,1,⚠️ Riesgo
107.0,2018.0,0.98505324,1,1,1,⚠️ Riesgo
1512.0,2018.0,0.98496985,1,1,1,⚠️ Riesgo
1497.0,2018.0,0.9845968,1,1,1,⚠️ Riesgo
318.0,2018.0,0.9843337,1,1,1,⚠️ Riesgo
1522.0,2018.0,0.9838891,1,1,1,⚠️ Riesgo
1377.0,2018.0,0.9837552,1,1,1,⚠️ Riesgo
712.0,2018.0,0.9837226,1,1,1,⚠️ Riesgo
121.0,2018.0,0.9835993,1,1,1,⚠️ Riesgo
1335.0,2018.0,0.98333055,1,1,1,⚠️ Riesgo
1284.0,2018.0,0.9833134,1,1,1,⚠️ Riesgo
1429.0,2018.0,0.9832238,1,1,1,⚠️ Riesgo
843.0,2018.0,0.9828514,1,1,1,⚠️ Riesgo
803.0,2018.0,0.9826627,1,1,1,⚠️ Riesgo
742.0,2018.0,0.98263323,1,1,1,⚠️ Riesgo
1432.0,2018.0,0.9825466,1,1,1,⚠️ Riesgo
911.0,2018.0,0.9825394,1,1,1,⚠️ Riesgo
1519.0,2018.0,0.9825117,1,1,1,⚠️ Riesgo
1491.0,2018.0,0.98248416,1,1,1,⚠️ Riesgo
765.0,2017.0,0.9819744,1,1,1,⚠️ Riesgo
142.0,2018.0,0.98182976,1,1,1,⚠️ Riesgo
104.0,2018.0,0.9818142,1,1,1,⚠️ Riesgo
1258.0,2018.0,0.9816328,1,1,1,⚠️ Riesgo
70.0,2018.0,0.9813576,1,1,1,⚠️ Riesgo
1423.0,2018.0,0.9810245,1,1,1,⚠️ Riesgo
1218.0,2018.0,0.98085576,1,1,1,⚠️ Riesgo
1275.0,2018.0,0.98044395,1,1,1,⚠️ Riesgo
1245.0,2018.0,0.98034763,1,1,1,⚠️ Riesgo
1531.0,2018.0,0.98026526,1,1,1,⚠️ Riesgo
302.0,2018.0,0.9796821,1,1,1,⚠️ Riesgo
787.0,2018.0,0.97953904,1,1,1,⚠️ Riesgo
287.0,2017.0,0.9794006,1,1,1,⚠️ Riesgo
1235.0,2018.0,0.9790881,1,1,1,⚠️ Riesgo
1470.0,2018.0,0.9788462,1,1,1,⚠️ Riesgo
73.0,2018.0,0.9788123,1,1,1,⚠️ Riesgo
1245.0,2017.0,0.978578,1,1,1,⚠️ Riesgo
825.0,2018.0,0.97848505,1,1,1,⚠️ Riesgo
1349.0,2018.0,0.97833693,1,1,1,⚠️ Riesgo
1401.0,2018.0,0.9782668,1,1,1,⚠️ Riesgo
109.0,2018.0,0.9779654,1,1,1,⚠️ Riesgo
675.0,2018.0,0.9776654,1,1,1,⚠️ Riesgo
275.0,2018.0,0.97761893,1,1,1,⚠️ Riesgo
1501.0,2018.0,0.9774066,1,1,1,⚠️ Riesgo
1364.0,2018.0,0.9773911,1,1,1,⚠️ Riesgo
1520.0,2018.0,0.97733134,1,1,1,⚠️ Riesgo
29.0,2018.0,0.9768966,1,1,1,⚠️ Riesgo
1116.0,2018.0,0.9765272,1,1,1,⚠️ Riesgo
279.0,2018.0,0.97490656,1,1,1,⚠️ Riesgo
1267.0,2018.0,0.97464097,1,1,1,⚠️ Riesgo
1155.0,2018.0,0.97453,1,1,1,⚠️ Riesgo
1433.0,2018.0,0.9743901,1,1,1,⚠️ Riesgo
835.0,2018.0,0.9743062,1,1,1,⚠️ Riesgo
81.0,2018.0,0.97427136,1,1,1,⚠️ Riesgo
1710.0,2018.0,0.973516,1,1,1,⚠️ Riesgo
1533.0,2018.0,0.9734895,1,1,1,⚠️ Riesgo
1112.0,2018.0,0.9732703,1,1,1,⚠️ Riesgo
232.0,2017.0,0.97302216,1,1,1,⚠️ Riesgo
1159.0,2018.0,0.9730083,1,1,1,⚠️ Riesgo
622.0,2018.0,0.9727087,1,1,1,⚠️ Riesgo
1416.0,2018.0,0.9723813,1,1,1,⚠️ Riesgo
1666.0,2018.0,0.9722826,1,1,1,⚠️ Riesgo
485.0,2017.0,0.9714395,1,1,1,⚠️ Riesgo
165.0,2018.0,0.9712842,1,1,1,⚠️ Riesgo
1334.0,2018.0,0.9704178,1,1,1,⚠️ Riesgo
53.0,2018.0,0.9703516,1,1,1,⚠️ Riesgo
1016.0,2018.0,0.9700521,1,1,1,⚠️ Riesgo
347.0,2018.0,0.96983665,1,1,1,⚠️ Riesgo
1128.0,2018.0,0.96975887,1,1,1,⚠️ Riesgo
1392.0,2018.0,0.96955866,1,1,1,⚠️ Riesgo
1286.0,2018.0,0.96930426,1,1,1,⚠️ Riesgo
774.0,2018.0,0.9690277,1,1,1,⚠️ Riesgo
395.0,2017.0,0.968072,1,1,1,⚠️ Riesgo
643.0,2018.0,0.9680351,1,1,1,⚠️ Riesgo
241.0,2018.0,0.9680131,1,1,1,⚠️ Riesgo
1227.0,2018.0,0.96787864,1,1,1,⚠️ Riesgo
1490.0,2018.0,0.96779937,1,1,1,⚠️ Riesgo
551.0,2018.0,0.96756995,1,1,1,⚠️ Riesgo
1435.0,2018.0,0.96693814,1,1,1,⚠️ Riesgo
1528.0,2018.0,0.9669067,1,1,1,⚠️ Riesgo
1254.0,2018.0,0.96674013,1,1,1,⚠️ Riesgo
1191.0,2017.0,0.96661514,1,1,1,⚠️ Riesgo
1376.0,2018.0,0.9665267,1,1,1,⚠️ Riesgo
739.0,2018.0,0.96513313,1,1,1,⚠️ Riesgo
1353.0,2018.0,0.9650285,1,1,1,⚠️ Riesgo
1569.0,2018.0,0.9643884,1,1,1,⚠️ Riesgo
1535.0,2018.0,0.9641309,1,1,1,⚠️ Riesgo
281.0,2018.0,0.9640542,1,1,1,⚠️ Riesgo
646.0,2018.0,0.9636695,1,1,1,⚠️ Riesgo
1146.0,2018.0,0.9635925,1,1,1,⚠️ Riesgo
1354.0,2018.0,0.963055,1,1,1,⚠️ Riesgo
1391.0,2018.0,0.96199876,1,1,1,⚠️ Riesgo
1246.0,2018.0,0.9616039,1,1,1,⚠️ Riesgo
1324.0,2018.0,0.96102595,1,1,1,⚠️ Riesgo
645.0,2018.0,0.960832,1,1,1,⚠️ Riesgo
37.0,2018.0,0.9607141,1,1,1,⚠️ Riesgo
1461.0,2018.0,0.9603991,1,1,1,⚠️ Riesgo
502.0,2018.0,0.96019346,1,1,1,⚠️ Riesgo
279.0,2017.0,0.9599737,1,1,1,⚠️ Riesgo
282.0,2017.0,0.9597405,1,1,1,⚠️ Riesgo
203.0,2018.0,0.9595522,1,0,0,⚠️ Riesgo
1387.0,2018.0,0.9593307,1,1,1,⚠️ Riesgo
320.0,2018.0,0.95929885,1,1,1,⚠️ Riesgo
1188.0,2017.0,0.9591681,1,0,0,⚠️ Riesgo
1367.0,2018.0,0.9590987,1,1,1,⚠️ Riesgo
1458.0,2018.0,0.9585644,1,1,1,⚠️ Riesgo
1441.0,2018.0,0.95801497,1,1,1,⚠️ Riesgo
893.0,2018.0,0.9573357,1,1,1,⚠️ Riesgo
445.0,2018.0,0.9570686,1,1,1,⚠️ Riesgo
82.0,2018.0,0.9569728,1,1,1,⚠️ Riesgo
1384.0,2018.0,0.95684004,1,1,1,⚠️ Riesgo
1241.0,2017.0,0.95674783,1,1,1,⚠️ Riesgo
1156.0,2018.0,0.9566334,1,1,1,⚠️ Riesgo
395.0,2018.0,0.9555944,1,1,1,⚠️ Riesgo
774.0,2017.0,0.9554909,1,1,1,⚠️ Riesgo
1449.0,2018.0,0.9552354,1,1,1,⚠️ Riesgo
699.0,2018.0,0.95507085,1,1,1,⚠️ Riesgo
169.0,2018.0,0.9545845,1,1,1,⚠️ Riesgo
1177.0,2018.0,0.9540011,1,1,1,⚠️ Riesgo
307.0,2018.0,0.9537678,1,1,1,⚠️ Riesgo
1471.0,2018.0,0.95376086,1,1,1,⚠️ Riesgo
281.0,2017.0,0.953674,1,1,1,⚠️ Riesgo
93.0,2018.0,0.9531635,1,1,1,⚠️ Riesgo
41.0,2018.0,0.9527992,1,1,1,⚠️ Riesgo
296.0,2017.0,0.95277333,1,1,1,⚠️ Riesgo
1306.0,2018.0,0.9510171,1,1,1,⚠️ Riesgo
327.0,2018.0,0.9508412,1,1,1,⚠️ Riesgo
456.0,2017.0,0.95010734,1,1,1,⚠️ Riesgo
1619.0,2018.0,0.9498555,1,0,0,⚠️ Riesgo
1504.0,2018.0,0.94924647,1,1,1,⚠️ Riesgo
89.0,2018.0,0.948932,1,1,1,⚠️ Riesgo
74.0,2018.0,0.9473428,1,1,1,⚠️ Riesgo
1456.0,2018.0,0.9468998,1,1,1,⚠️ Riesgo
292.0,2017.0,0.9468376,1,1,1,⚠️ Riesgo
1125.0,2018.0,0.9467456,1,1,1,⚠️ Riesgo
335.0,2018.0,0.9465093,1,1,1,⚠️ Riesgo
421.0,2018.0,0.9460954,1,1,1,⚠️ Riesgo
1208.0,2018.0,0.94591767,1,1,1,⚠️ Riesgo
1738.0,2018.0,0.9456663,1,1,1,⚠️ Riesgo
1193.0,2017.0,0.94448364,1,1,1,⚠️ Riesgo
1546.0,2018.0,0.94407195,1,1,1,⚠️ Riesgo
1104.0,2018.0,0.9438185,1,1,1,⚠️ Riesgo
1303.0,2018.0,0.94321096,1,1,1,⚠️ Riesgo
66.0,2018.0,0.9431392,1,0,0,⚠️ Riesgo
137.0,2018.0,0.94312465,1,1,1,⚠️ Riesgo
537.0,2018.0,0.9428797,1,1,1,⚠️ Riesgo
1238.0,2017.0,0.94282776,1,0,0,⚠️ Riesgo
343.0,2018.0,0.94224113,1,1,1,⚠️ Riesgo
284.0,2018.0,0.9420884,1,1,1,⚠️ Riesgo
1209.0,2018.0,0.9413308,1,1,1,⚠️ Riesgo
612.0,2018.0,0.9406319,1,1,1,⚠️ Riesgo
1550.0,2018.0,0.94047254,1,1,1,⚠️ Riesgo
1106.0,2018.0,0.94020474,1,1,1,⚠️ Riesgo
835.0,2017.0,0.9398453,1,1,1,⚠️ Riesgo
357.0,2018.0,0.93937945,1,1,1,⚠️ Riesgo
491.0,2018.0,0.93885803,1,1,1,⚠️ Riesgo
96.0,2018.0,0.9384504,1,1,1,⚠️ Riesgo
415.0,2018.0,0.9382626,1,1,1,⚠️ Riesgo
1170.0,2017.0,0.9377911,1,1,1,⚠️ Riesgo
1253.0,2018.0,0.93772864,1,1,1,⚠️ Riesgo
560.0,2018.0,0.93767905,1,1,1,⚠️ Riesgo
915.0,2018.0,0.9370439,1,1,1,⚠️ Riesgo
886.0,2018.0,0.9369801,1,1,1,⚠️ Riesgo
1115.0,2018.0,0.9354266,1,1,1,⚠️ Riesgo
1149.0,2018.0,0.9346902,1,1,1,⚠️ Riesgo
1366.0,2018.0,0.93343306,1,1,1,⚠️ Riesgo
9.0,2018.0,0.9330213,1,1,1,⚠️ Riesgo
788.0,2018.0,0.93265533,1,1,1,⚠️ Riesgo
1236.0,2017.0,0.93253165,1,1,1,⚠️ Riesgo
442.0,2018.0,0.93134207,1,1,1,⚠️ Riesgo
269.0,2018.0,0.9307707,1,0,0,⚠️ Riesgo
191.0,2018.0,0.9306403,1,1,1,⚠️ Riesgo
1131.0,2018.0,0.9305615,1,1,1,⚠️ Riesgo
491.0,2017.0,0.9300858,1,1,1,⚠️ Riesgo
925.0,2018.0,0.93006015,1,1,1,⚠️ Riesgo
438.0,2017.0,0.929483,1,1,1,⚠️ Riesgo
1397.0,2018.0,0.92937636,1,1,1,⚠️ Riesgo
495.0,2017.0,0.92917174,1,1,1,⚠️ Riesgo
1196.0,2017.0,0.92738193,1,1,1,⚠️ Riesgo
472.0,2018.0,0.9269688,1,1,1,⚠️ Riesgo
1552.0,2018.0,0.9267851,1,1,1,⚠️ Riesgo
1351.0,2018.0,0.9260855,1,1,1,⚠️ Riesgo
912.0,2018.0,0.9258514,1,1,1,⚠️ Riesgo
518.0,2018.0,0.92566925,1,0,0,⚠️ Riesgo
143.0,2018.0,0.92406607,1,1,1,⚠️ Riesgo
228.0,2017.0,0.92392635,1,1,1,⚠️ Riesgo
292.0,2018.0,0.9230223,1,1,1,⚠️ Riesgo
119.0,2018.0,0.922544,1,1,1,⚠️ Riesgo
547.0,2018.0,0.92221,1,1,1,⚠️ Riesgo
212.0,2018.0,0.9211408,1,1,1,⚠️ Riesgo
22.0,2018.0,0.92101073,1,1,1,⚠️ Riesgo
24.0,2018.0,0.9204926,1,1,1,⚠️ Riesgo
1422.0,2018.0,0.91961604,1,1,1,⚠️ Riesgo
1222.0,2018.0,0.9192345,1,1,1,⚠️ Riesgo
386.0,2018.0,0.91893435,1,1,1,⚠️ Riesgo
525.0,2018.0,0.91886175,1,1,1,⚠️ Riesgo
331.0,2018.0,0.91862017,1,1,1,⚠️ Riesgo
1234.0,2017.0,0.91779244,1,1,1,⚠️ Riesgo
1135.0,2018.0,0.9176327,1,1,1,⚠️ Riesgo
31.0,2018.0,0.9174808,1,1,1,⚠️ Riesgo
404.0,2018.0,0.9171142,1,1,1,⚠️ Riesgo
558.0,2018.0,0.91683626,1,1,1,⚠️ Riesgo
458.0,2017.0,0.9151803,1,1,1,⚠️ Riesgo
2.0,2018.0,0.9150299,1,1,1,⚠️ Riesgo
298.0,2017.0,0.91387326,1,1,1,⚠️ Riesgo
1402.0,2018.0,0.91275555,1,1,1,⚠️ Riesgo
883.0,2018.0,0.91264665,1,1,1,⚠️ Riesgo
1269.0,2018.0,0.9125796,1,1,1,⚠️ Riesgo
878.0,2018.0,0.91217923,1,1,1,⚠️ Riesgo
1442.0,2018.0,0.9114967,1,1,1,⚠️ Riesgo
300.0,2018.0,0.9112743,1,1,1,⚠️ Riesgo
614.0,2018.0,0.9102834,1,1,1,⚠️ Riesgo
1151.0,2018.0,0.90944767,1,1,1,⚠️ Riesgo
1440.0,2018.0,0.90846294,1,1,1,⚠️ Riesgo
269.0,2017.0,0.90742356,1,0,0,⚠️ Riesgo
1196.0,2018.0,0.9066033,1,1,1,⚠️ Riesgo
1437.0,2018.0,0.9055269,1,1,1,⚠️ Riesgo
282.0,2018.0,0.9053888,1,1,1,⚠️ Riesgo
385.0,2018.0,0.9033933,1,0,0,⚠️ Riesgo
1319.0,2018.0,0.9029764,1,1,1,⚠️ Riesgo
495.0,2018.0,0.90122443,1,1,1,⚠️ Riesgo
1450.0,2018.0,0.90024096,1,1,1,⚠️ Riesgo
92.0,2018.0,0.9000856,1,1,1,⚠️ Riesgo
1382.0,2018.0,0.8992527,1,1,1,⚠️ Riesgo
1347.0,2018.0,0.8980631,1,1,1,⚠️ Riesgo
433.0,2018.0,0.8978057,1,1,1,⚠️ Riesgo
1211.0,2018.0,0.89769924,1,1,1,⚠️ Riesgo
25.0,2018.0,0.8976399,1,1,1,⚠️ Riesgo
1466.0,2018.0,0.89679676,1,1,1,⚠️ Riesgo
456.0,2018.0,0.89374894,1,1,1,⚠️ Riesgo
439.0,2018.0,0.8928979,1,1,1,⚠️ Riesgo
1057.0,2018.0,0.8924329,1,1,1,⚠️ Riesgo
350.0,2018.0,0.8916116,1,1,1,⚠️ Riesgo
1419.0,2018.0,0.8899158,1,1,1,⚠️ Riesgo
1361.0,2018.0,0.8881129,1,1,1,⚠️ Riesgo
784.0,2018.0,0.88573045,1,1,1,⚠️ Riesgo
1189.0,2018.0,0.8843057,1,1,1,⚠️ Riesgo
1237.0,2017.0,0.8837628,1,1,1,⚠️ Riesgo
433.0,2017.0,0.8830633,1,1,1,⚠️ Riesgo
606.0,2018.0,0.88282335,1,1,1,⚠️ Riesgo
587.0,2018.0,0.8825551,1,1,1,⚠️ Riesgo
42.0,2018.0,0.8823023,1,1,1,⚠️ Riesgo
114.0,2018.0,0.88230044,1,1,1,⚠️ Riesgo
582.0,2018.0,0.8816579,1,1,1,⚠️ Riesgo
1249.0,2017.0,0.88103276,1,1,1,⚠️ Riesgo
668.0,2018.0,0.8806927,1,1,1,⚠️ Riesgo
1193.0,2018.0,0.88001615,1,1,1,⚠️ Riesgo
352.0,2018.0,0.87970793,1,1,1,⚠️ Riesgo
101.0,2018.0,0.8791275,1,1,1,⚠️ Riesgo
110.0,2018.0,0.87903094,1,1,1,⚠️ Riesgo
1153.0,2018.0,0.8785808,1,1,1,⚠️ Riesgo
654.0,2018.0,0.87776333,1,0,0,⚠️ Riesgo
414.0,2018.0,0.8775032,1,1,1,⚠️ Riesgo
288.0,2017.0,0.8757461,1,1,1,⚠️ Riesgo
268.0,2017.0,0.87520355,1,1,1,⚠️ Riesgo
14.0,2018.0,0.87510884,1,1,1,⚠️ Riesgo
1692.0,2018.0,0.87430525,1,1,1,⚠️ Riesgo
1308.0,2018.0,0.8741935,1,1,1,⚠️ Riesgo
1142.0,2018.0,0.8731032,1,1,1,⚠️ Riesgo
254.0,2018.0,0.87309575,1,1,1,⚠️ Riesgo
1564.0,2018.0,0.86970055,1,1,1,⚠️ Riesgo
1241.0,2018.0,0.86900437,1,1,1,⚠️ Riesgo
781.0,2017.0,0.8646534,1,1,1,⚠️ Riesgo
131.0,2018.0,0.8640269,1,1,1,⚠️ Riesgo
189.0,2018.0,0.86392444,1,1,1,⚠️ Riesgo
1271.0,2018.0,0.8633572,1,1,1,⚠️ Riesgo
1467.0,2018.0,0.8628425,1,1,1,⚠️ Riesgo
229.0,2018.0,0.86259425,1,1,1,⚠️ Riesgo
232.0,2018.0,0.85785365,1,1,1,⚠️ Riesgo
1523.0,2018.0,0.854397,1,1,1,⚠️ Riesgo
1321.0,2018.0,0.853984,1,1,1,⚠️ Riesgo
148.0,2018.0,0.8537797,1,1,1,⚠️ Riesgo
464.0,2018.0,0.8536312,1,0,0,⚠️ Riesgo
640.0,2018.0,0.8532463,1,0,0,⚠️ Riesgo
225.0,2018.0,0.8525242,1,1,1,⚠️ Riesgo
183.0,2018.0,0.8503542,1,1,1,⚠️ Riesgo
1518.0,2018.0,0.84959,1,1,1,⚠️ Riesgo
970.0,2018.0,0.8461785,1,1,1,⚠️ Riesgo
1289.0,2018.0,0.84584546,1,0,0,⚠️ Riesgo
1069.0,2018.0,0.8444842,1,1,1,⚠️ Riesgo
298.0,2018.0,0.8428284,1,1,1,⚠️ Riesgo
556.0,2018.0,0.840445,1,1,1,⚠️ Riesgo
1406.0,2018.0,0.84035134,1,1,1,⚠️ Riesgo
1517.0,2018.0,0.8401135,1,1,1,⚠️ Riesgo
841.0,2018.0,0.8396494,1,1,1,⚠️ Riesgo
103.0,2018.0,0.8395708,1,1,1,⚠️ Riesgo
424.0,2018.0,0.83934915,1,1,1,⚠️ Riesgo
389.0,2017.0,0.83922917,1,1,1,⚠️ Riesgo
416.0,2018.0,0.83921057,1,1,1,⚠️ Riesgo
393.0,2018.0,0.837146,1,1,1,⚠️ Riesgo
366.0,2018.0,0.8367957,1,1,1,⚠️ Riesgo
1262.0,2017.0,0.83586025,1,1,1,⚠️ Riesgo
214.0,2018.0,0.8355021,1,1,1,⚠️ Riesgo
133.0,2018.0,0.83359015,1,1,1,⚠️ Riesgo
1243.0,2017.0,0.83185136,1,1,1,⚠️ Riesgo
441.0,2017.0,0.8316248,1,1,1,⚠️ Riesgo
233.0,2017.0,0.8297486,1,1,1,⚠️ Riesgo
598.0,2018.0,0.8293918,1,1,1,⚠️ Riesgo
40.0,2018.0,0.82819194,1,1,1,⚠️ Riesgo
1649.0,2018.0,0.8281827,1,1,1,⚠️ Riesgo
1655.0,2018.0,0.8276314,1,1,1,⚠️ Riesgo
157.0,2018.0,0.82651705,1,1,1,⚠️ Riesgo
1228.0,2018.0,0.8259022,1,1,1,⚠️ Riesgo
1579.0,2018.0,0.82470435,1,1,1,⚠️ Riesgo
575.0,2018.0,0.82383525,1,1,1,⚠️ Riesgo
228.0,2018.0,0.8220763,1,0,0,⚠️ Riesgo
39.0,2018.0,0.82005787,1,1,1,⚠️ Riesgo
28.0,2018.0,0.81960726,1,1,1,⚠️ Riesgo
288.0,2018.0,0.8194195,1,1,1,⚠️ Riesgo
567.0,2018.0,0.81824136,1,1,1,⚠️ Riesgo
1244.0,2017.0,0.81681997,1,1,1,⚠️ Riesgo
669.0,2018.0,0.816223,1,1,1,⚠️ Riesgo
57.0,2018.0,0.81243515,1,0,0,⚠️ Riesgo
1311.0,2018.0,0.8119629,1,1,1,⚠️ Riesgo
972.0,2018.0,0.8118004,1,0,0,⚠️ Riesgo
469.0,2018.0,0.81173176,1,0,0,⚠️ Riesgo
849.0,2018.0,0.8111566,1,0,0,⚠️ Riesgo
475.0,2018.0,0.8106427,1,1,1,⚠️ Riesgo
1143.0,2018.0,0.809546,1,1,1,⚠️ Riesgo
1236.0,2018.0,0.80787003,1,1,1,⚠️ Riesgo
1547.0,2018.0,0.80666226,1,1,1,⚠️ Riesgo
811.0,2018.0,0.80663294,1,1,1,⚠️ Riesgo
458.0,2018.0,0.8040654,1,0,0,⚠️ Riesgo
1256.0,2018.0,0.8037459,1,1,1,⚠️ Riesgo
738.0,2018.0,0.8025128,1,0,0,⚠️ Riesgo
349.0,2018.0,0.8025116,1,1,1,⚠️ Riesgo
1150.0,2018.0,0.80192256,1,1,1,⚠️ Riesgo
1725.0,2018.0,0.8004069,1,0,0,⚠️ Riesgo
341.0,2018.0,0.7978891,1,0,0,⚠️ Riesgo
163.0,2018.0,0.7953674,1,0,0,⚠️ Riesgo
462.0,2018.0,0.79096586,1,1,1,⚠️ Riesgo
1503.0,2018.0,0.7862878,1,0,0,⚠️ Riesgo
1734.0,2018.0,0.78450656,1,0,0,⚠️ Riesgo
91.0,2018.0,0.7843172,1,1,1,⚠️ Riesgo
810.0,2017.0,0.7840762,1,1,1,⚠️ Riesgo
936.0,2018.0,0.783556,1,1,1,⚠️ Riesgo
1202.0,2017.0,0.78286964,1,1,1,⚠️ Riesgo
1489.0,2018.0,0.7825181,1,1,1,⚠️ Riesgo
102.0,2018.0,0.7810108,1,0,0,⚠️ Riesgo
1301.0,2018.0,0.77994037,1,1,1,⚠️ Riesgo
489.0,2017.0,0.77960527,1,1,1,⚠️ Riesgo
171.0,2018.0,0.77913773,1,1,1,⚠️ Riesgo
826.0,2018.0,0.7787921,1,1,1,⚠️ Riesgo
1602.0,2018.0,0.77818567,1,1,1,⚠️ Riesgo
1170.0,2018.0,0.7741206,1,1,1,⚠️ Riesgo
768.0,2018.0,0.77332914,1,1,1,⚠️ Riesgo
1182.0,2018.0,0.7722161,1,1,1,⚠️ Riesgo
1201.0,2017.0,0.77213633,1,0,0,⚠️ Riesgo
1148.0,2018.0,0.76882666,1,0,0,⚠️ Riesgo
122.0,2018.0,0.7685047,1,1,1,⚠️ Riesgo
1276.0,2018.0,0.76844275,1,0,0,⚠️ Riesgo
753.0,2017.0,0.7638151,1,1,1,⚠️ Riesgo
1145.0,2018.0,0.7629751,1,1,1,⚠️ Riesgo
1383.0,2018.0,0.76182216,1,1,1,⚠️ Riesgo
613.0,2018.0,0.761162,1,1,1,⚠️ Riesgo
146.0,2018.0,0.7587139,1,0,0,⚠️ Riesgo
1385.0,2018.0,0.75805074,1,1,1,⚠️ Riesgo
992.0,2018.0,0.7567583,1,1,1,⚠️ Riesgo
1154.0,2018.0,0.75621074,1,1,1,⚠️ Riesgo
296.0,2018.0,0.75558513,1,1,1,⚠️ Riesgo
278.0,2018.0,0.75079054,1,1,1,⚠️ Riesgo
36.0,2018.0,0.7501485,1,1,1,⚠️ Riesgo
84.0,2018.0,0.7490676,1,1,1,⚠️ Riesgo
1325.0,2018.0,0.74757624,1,1,1,⚠️ Riesgo
1003.0,2018.0,0.7471767,1,0,0,⚠️ Riesgo
465.0,2018.0,0.74538225,1,1,1,⚠️ Riesgo
5.0,2018.0,0.7441696,1,1,1,⚠️ Riesgo
1365.0,2018.0,0.7436033,1,1,1,⚠️ Riesgo
997.0,2018.0,0.74354106,1,1,1,⚠️ Riesgo
1173.0,2017.0,0.74042434,1,1,1,⚠️ Riesgo
99.0,2018.0,0.74025923,1,0,0,⚠️ Riesgo
591.0,2018.0,0.73887867,1,0,0,⚠️ Riesgo
729.0,2017.0,0.73872507,1,0,0,⚠️ Riesgo
514.0,2018.0,0.73644835,1,1,1,⚠️ Riesgo
838.0,2018.0,0.7342061,1,1,1,⚠️ Riesgo
452.0,2018.0,0.73325425,1,0,0,⚠️ Riesgo
1244.0,2018.0,0.7320813,1,0,0,⚠️ Riesgo
275.0,2017.0,0.7297069,1,1,1,⚠️ Riesgo
1352.0,2018.0,0.72605854,1,0,0,⚠️ Riesgo
238.0,2018.0,0.72528094,1,0,0,⚠️ Riesgo
1255.0,2018.0,0.7238718,1,0,0,⚠️ Riesgo
1322.0,2018.0,0.7217236,1,1,1,⚠️ Riesgo
500.0,2018.0,0.7196508,1,0,0,⚠️ Riesgo
396.0,2017.0,0.7182175,1,1,1,⚠️ Riesgo
48.0,2018.0,0.7160411,1,0,0,⚠️ Riesgo
876.0,2018.0,0.71586126,1,0,0,⚠️ Riesgo
628.0,2018.0,0.7148637,1,1,1,⚠️ Riesgo
1234.0,2018.0,0.7133249,1,1,1,⚠️ Riesgo
1307.0,2018.0,0.71319044,1,0,0,⚠️ Riesgo
1141.0,2018.0,0.7127833,1,0,0,⚠️ Riesgo
1272.0,2018.0,0.712372,1,1,1,⚠️ Riesgo
783.0,2017.0,0.7123623,1,0,0,⚠️ Riesgo
1459.0,2018.0,0.7114045,1,1,1,⚠️ Riesgo
1344.0,2018.0,0.7104053,1,1,1,⚠️ Riesgo
18.0,2018.0,0.7093519,1,1,1,⚠️ Riesgo
368.0,2018.0,0.70596755,1,1,1,⚠️ Riesgo
280.0,2017.0,0.7053935,1,1,1,⚠️ Riesgo
1133.0,2018.0,0.70382714,1,1,1,⚠️ Riesgo
127.0,2018.0,0.7038156,1,0,0,⚠️ Riesgo
1640.0,2018.0,0.702502,1,0,0,⚠️ Riesgo
1199.0,2017.0,0.70014614,1,1,1,⚠️ Riesgo
1019.0,2018.0,0.6999687,1,0,0,⚠️ Riesgo
1152.0,2018.0,0.6990677,1,1,1,⚠️ Riesgo
1188.0,2018.0,0.69880307,1,0,0,⚠️ Riesgo
389.0,2018.0,0.6984393,1,0,0,⚠️ Riesgo
33.0,2018.0,0.6925569,1,0,0,⚠️ Riesgo
1291.0,2018.0,0.6922427,1,0,0,⚠️ Riesgo
1105.0,2018.0,0.6919028,1,1,1,⚠️ Riesgo
1373.0,2018.0,0.6895772,1,0,0,⚠️ Riesgo
379.0,2018.0,0.6888132,1,1,1,⚠️ Riesgo
1204.0,2018.0,0.68645656,1,1,1,⚠️ Riesgo
219.0,2018.0,0.6783626,1,1,1,⚠️ Riesgo
1323.0,2018.0,0.6775097,1,0,0,⚠️ Riesgo
34.0,2018.0,0.67669934,1,0,0,⚠️ Riesgo
1409.0,2018.0,0.6765995,1,1,1,⚠️ Riesgo
1363.0,2018.0,0.67559105,1,1,1,⚠️ Riesgo
238.0,2017.0,0.674687,1,0,0,⚠️ Riesgo
642.0,2018.0,0.66839206,1,1,1,⚠️ Riesgo
218.0,2018.0,0.6666656,1,1,1,⚠️ Riesgo
1202.0,2018.0,0.66610533,1,1,1,⚠️ Riesgo
1573.0,2018.0,0.6621596,1,0,0,⚠️ Riesgo
476.0,2018.0,0.66013384,1,1,1,⚠️ Riesgo
1539.0,2018.0,0.65956014,1,0,0,⚠️ Riesgo
657.0,2018.0,0.65798837,1,0,0,⚠️ Riesgo
253.0,2018.0,0.65716827,1,1,1,⚠️ Riesgo
815.0,2018.0,0.6566629,1,0,0,⚠️ Riesgo
1342.0,2018.0,0.6563544,1,0,0,⚠️ Riesgo
779.0,2017.0,0.65629923,1,1,1,⚠️ Riesgo
1138.0,2018.0,0.6538569,1,0,0,⚠️ Riesgo
583.0,2018.0,0.6530634,1,0,0,⚠️ Riesgo
809.0,2018.0,0.6526345,1,1,1,⚠️ Riesgo
1390.0,2018.0,0.652563,1,1,1,⚠️ Riesgo
797.0,2018.0,0.6525204,1,0,0,⚠️ Riesgo
384.0,2018.0,0.6491549,1,1,1,⚠️ Riesgo
810.0,2018.0,0.6483366,1,1,1,⚠️ Riesgo
1191.0,2018.0,0.64495844,1,1,1,⚠️ Riesgo
578.0,2018.0,0.64435583,1,0,0,⚠️ Riesgo
420.0,2018.0,0.64433104,1,1,1,⚠️ Riesgo
1508.0,2018.0,0.6434369,1,0,0,⚠️ Riesgo
984.0,2018.0,0.63921326,1,1,1,⚠️ Riesgo
1238.0,2018.0,0.63796675,1,1,1,⚠️ Riesgo
239.0,2017.0,0.63780135,1,0,0,⚠️ Riesgo
441.0,2018.0,0.6345918,1,0,0,⚠️ Riesgo
524.0,2018.0,0.6334314,1,0,0,⚠️ Riesgo
117.0,2018.0,0.6286851,1,1,1,⚠️ Riesgo
1332.0,2018.0,0.627762,1,1,1,⚠️ Riesgo
1224.0,2018.0,0.6264861,1,1,1,⚠️ Riesgo
1259.0,2018.0,0.62625045,1,0,0,⚠️ Riesgo
1597.0,2018.0,0.62617195,1,1,1,⚠️ Riesgo
1038.0,2018.0,0.6185394,1,0,0,⚠️ Riesgo
764.0,2018.0,0.6174529,1,0,0,⚠️ Riesgo
129.0,2018.0,0.6167677,1,1,1,⚠️ Riesgo
257.0,2018.0,0.6164858,1,1,1,⚠️ Riesgo
1690.0,2018.0,0.61502475,1,0,0,⚠️ Riesgo
1185.0,2017.0,0.61378,1,1,1,⚠️ Riesgo
497.0,2017.0,0.6135216,1,0,0,⚠️ Riesgo
1338.0,2018.0,0.6124611,1,0,0,⚠️ Riesgo
328.0,2018.0,0.60992086,1,1,1,⚠️ Riesgo
213.0,2018.0,0.60925746,1,0,0,⚠️ Riesgo
991.0,2018.0,0.6092163,1,1,1,⚠️ Riesgo
206.0,2018.0,0.608901,1,0,0,⚠️ Riesgo
1262.0,2018.0,0.60807794,1,1,1,⚠️ Riesgo
1584.0,2018.0,0.60778505,1,1,1,⚠️ Riesgo
404.0,2017.0,0.60694045,1,0,0,⚠️ Riesgo
1189.0,2017.0,0.6058881,1,1,1,⚠️ Riesgo
625.0,2018.0,0.6047876,1,0,0,⚠️ Riesgo
1287.0,2018.0,0.6030271,1,1,1,⚠️ Riesgo
1492.0,2018.0,0.6008037,1,0,0,⚠️ Riesgo
719.0,2018.0,0.6006466,1,0,0,⚠️ Riesgo
340.0,2018.0,0.59847116,1,0,0,⚠️ Riesgo
1005.0,2018.0,0.59639907,1,0,0,⚠️ Riesgo
754.0,2017.0,0.596391,1,0,0,⚠️ Riesgo
753.0,2018.0,0.5961349,1,0,0,⚠️ Riesgo
1122.0,2018.0,0.59534353,1,1,1,⚠️ Riesgo
737.0,2018.0,0.5953351,1,0,0,⚠️ Riesgo
181.0,2018.0,0.59256554,1,0,0,⚠️ Riesgo
761.0,2018.0,0.5924996,1,0,0,⚠️ Riesgo
126.0,2018.0,0.5923037,1,0,0,⚠️ Riesgo
280.0,2018.0,0.5891077,1,1,1,⚠️ Riesgo
959.0,2018.0,0.587073,1,0,0,⚠️ Riesgo
1187.0,2018.0,0.58694905,1,1,1,⚠️ Riesgo
968.0,2018.0,0.5850305,1,1,1,⚠️ Riesgo
49.0,2018.0,0.58022857,1,1,1,⚠️ Riesgo
1674.0,2018.0,0.57952374,1,0,0,⚠️ Riesgo
325.0,2018.0,0.57936716,1,1,1,⚠️ Riesgo
35.0,2018.0,0.57926506,1,0,0,⚠️ Riesgo
1013.0,2018.0,0.57599807,1,1,1,⚠️ Riesgo
380.0,2017.0,0.5759089,1,0,0,⚠️ Riesgo
783.0,2018.0,0.5755901,1,0,0,⚠️ Riesgo
1538.0,2018.0,0.5737325,1,0,0,⚠️ Riesgo
759.0,2018.0,0.56976,1,0,0,⚠️ Riesgo
1192.0,2017.0,0.56733406,1,1,1,⚠️ Riesgo
139.0,2018.0,0.56493014,1,0,0,⚠️ Riesgo
360.0,2018.0,0.5626708,1,1,1,⚠️ Riesgo
1166.0,2017.0,0.56139725,1,1,1,⚠️ Riesgo
1185.0,2018.0,0.5607853,1,1,1,⚠️ Riesgo
609.0,2018.0,0.5604551,1,0,0,⚠️ Riesgo
336.0,2018.0,0.5596428,1,1,1,⚠️ Riesgo
58.0,2018.0,0.55726403,1,1,1,⚠️ Riesgo
1393.0,2018.0,0.55680156,1,1,1,⚠️ Riesgo
202.0,2018.0,0.55457294,1,0,0,⚠️ Riesgo
239.0,2018.0,0.5545649,1,0,0,⚠️ Riesgo
198.0,2018.0,0.5529109,1,0,0,⚠️ Riesgo
452.0,2017.0,0.5522412,1,1,1,⚠️ Riesgo
1199.0,2018.0,0.5497733,1,0,0,⚠️ Riesgo
326.0,2018.0,0.5482657,1,0,0,⚠️ Riesgo
1500.0,2018.0,0.54700816,1,0,0,⚠️ Riesgo
1240.0,2017.0,0.5462716,1,0,0,⚠️ Riesgo
1164.0,2018.0,0.5438132,1,1,1,⚠️ Riesgo
179.0,2018.0,0.53944904,1,0,0,⚠️ Riesgo
379.0,2017.0,0.5362043,1,1,1,⚠️ Riesgo
900.0,2018.0,0.536173,1,1,1,⚠️ Riesgo
728.0,2018.0,0.53532064,1,0,0,⚠️ Riesgo
160.0,2018.0,0.5337983,1,0,0,⚠️ Riesgo
943.0,2018.0,0.5329472,1,1,1,⚠️ Riesgo
1645.0,2018.0,0.5325742,1,0,0,⚠️ Riesgo
172.0,2018.0,0.53105235,1,1,1,⚠️ Riesgo
1124.0,2018.0,0.52986854,1,0,0,⚠️ Riesgo
1588.0,2018.0,0.5264583,1,1,1,⚠️ Riesgo
278.0,2017.0,0.5258379,1,1,1,⚠️ Riesgo
1457.0,2018.0,0.5252279,1,1,1,⚠️ Riesgo
651.0,2018.0,0.5248384,1,0,0,⚠️ Riesgo
847.0,2018.0,0.5247254,1,1,1,⚠️ Riesgo
772.0,2018.0,0.51738715,1,0,0,⚠️ Riesgo
65.0,2018.0,0.5168167,1,0,0,⚠️ Riesgo
775.0,2018.0,0.5153176,1,0,0,⚠️ Riesgo
945.0,2018.0,0.5060326,1,0,0,⚠️ Riesgo
1317.0,2018.0,0.5048107,1,0,0,⚠️ Riesgo
918.0,2018.0,0.500216,1,1,1,⚠️ Riesgo
339.0,2018.0,0.49871525,0,1,0,✅ Normal
599.0,2018.0,0.49772468,0,1,0,✅ Normal
1158.0,2018.0,0.49723753,0,0,1,✅ Normal
220.0,2018.0,0.4968767,0,0,1,✅ Normal
164.0,2018.0,0.4947909,0,0,1,✅ Normal
233.0,2018.0,0.4944357,0,0,1,✅ Normal
490.0,2018.0,0.49313053,0,1,0,✅ Normal
461.0,2018.0,0.49217424,0,1,0,✅ Normal
484.0,2018.0,0.48873162,0,0,1,✅ Normal
693.0,2018.0,0.48827726,0,0,1,✅ Normal
1181.0,2018.0,0.48716494,0,0,1,✅ Normal
775.0,2017.0,0.48682442,0,1,0,✅ Normal
1249.0,2018.0,0.48652977,0,0,1,✅ Normal
887.0,2018.0,0.48525652,0,1,0,✅ Normal
805.0,2018.0,0.48325583,0,1,0,✅ Normal
1046.0,2018.0,0.48230115,0,0,1,✅ Normal
358.0,2018.0,0.4818849,0,0,1,✅ Normal
1658.0,2018.0,0.4801942,0,0,1,✅ Normal
1190.0,2018.0,0.47940633,0,0,1,✅ Normal
1213.0,2018.0,0.47846526,0,0,1,✅ Normal
1341.0,2018.0,0.47569373,0,1,0,✅ Normal
786.0,2018.0,0.4749846,0,0,1,✅ Normal
299.0,2018.0,0.47262293,0,0,1,✅ Normal
988.0,2018.0,0.469044,0,1,0,✅ Normal
1600.0,2018.0,0.4682807,0,0,1,✅ Normal
423.0,2018.0,0.46531802,0,0,1,✅ Normal
412.0,2018.0,0.46276623,0,0,1,✅ Normal
1400.0,2018.0,0.4605763,0,1,0,✅ Normal
517.0,2018.0,0.458731,0,1,0,✅ Normal
1205.0,2018.0,0.45858452,0,1,0,✅ Normal
1123.0,2018.0,0.45527512,0,1,0,✅ Normal
1545.0,2018.0,0.4549637,0,0,1,✅ Normal
19.0,2018.0,0.45477897,0,0,1,✅ Normal
334.0,2018.0,0.4540118,0,0,1,✅ Normal
1386.0,2018.0,0.45206916,0,0,1,✅ Normal
200.0,2018.0,0.4519711,0,1,0,✅ Normal
577.0,2018.0,0.45038307,0,0,1,✅ Normal
540.0,2018.0,0.44876006,0,1,0,✅ Normal
392.0,2018.0,0.4475024,0,0,1,✅ Normal
348.0,2018.0,0.44698602,0,0,1,✅ Normal
1043.0,2018.0,0.44549847,0,0,1,✅ Normal
814.0,2017.0,0.44272655,0,1,0,✅ Normal
596.0,2018.0,0.4425271,0,0,1,✅ Normal
1516.0,2018.0,0.4416391,0,1,0,✅ Normal
815.0,2017.0,0.4407566,0,1,0,✅ Normal
1592.0,2018.0,0.43849483,0,0,1,✅ Normal
473.0,2018.0,0.43786263,0,0,1,✅ Normal
1207.0,2018.0,0.43768013,0,0,1,✅ Normal
1431.0,2018.0,0.4356262,0,1,0,✅ Normal
1476.0,2018.0,0.43460312,0,0,1,✅ Normal
80.0,2018.0,0.43247578,0,0,1,✅ Normal
1618.0,2018.0,0.4295824,0,0,1,✅ Normal
866.0,2018.0,0.42808762,0,0,1,✅ Normal
1127.0,2018.0,0.42572698,0,0,1,✅ Normal
3.0,2018.0,0.4224769,0,0,1,✅ Normal
21.0,2018.0,0.42228955,0,0,1,✅ Normal
1114.0,2018.0,0.41986412,0,0,1,✅ Normal
1260.0,2018.0,0.41707543,0,0,1,✅ Normal
403.0,2018.0,0.41692376,0,1,0,✅ Normal
422.0,2018.0,0.4161118,0,0,1,✅ Normal
666.0,2018.0,0.4154569,0,0,1,✅ Normal
1182.0,2017.0,0.41453376,0,0,1,✅ Normal
26.0,2018.0,0.41435334,0,0,1,✅ Normal
342.0,2018.0,0.41389668,0,0,1,✅ Normal
615.0,2018.0,0.41361415,0,1,0,✅ Normal
71.0,2018.0,0.41348416,0,1,0,✅ Normal
857.0,2018.0,0.41137955,0,0,1,✅ Normal
252.0,2018.0,0.4094495,0,1,0,✅ Normal
853.0,2018.0,0.40763843,0,0,1,✅ Normal
516.0,2018.0,0.40689158,0,0,1,✅ Normal
530.0,2018.0,0.40629712,0,0,1,✅ Normal
1305.0,2018.0,0.40596068,0,0,1,✅ Normal
1201.0,2018.0,0.4028812,0,0,1,✅ Normal
629.0,2018.0,0.40225485,0,0,1,✅ Normal
1164.0,2017.0,0.3997818,0,0,1,✅ Normal
457.0,2017.0,0.39849854,0,1,0,✅ Normal
730.0,2017.0,0.39779904,0,0,1,✅ Normal
1111.0,2018.0,0.39775297,0,0,1,✅ Normal
1462.0,2018.0,0.39660627,0,0,1,✅ Normal
1214.0,2018.0,0.39367864,0,0,1,✅ Normal
773.0,2017.0,0.39292887,0,1,0,✅ Normal
457.0,2018.0,0.39286444,0,1,0,✅ Normal
955.0,2018.0,0.39223868,0,0,1,✅ Normal
781.0,2018.0,0.3914639,0,0,1,✅ Normal
27.0,2018.0,0.39138785,0,1,0,✅ Normal
1296.0,2018.0,0.3910587,0,1,0,✅ Normal
264.0,2018.0,0.3884025,0,0,1,✅ Normal
45.0,2018.0,0.3880083,0,1,0,✅ Normal
956.0,2018.0,0.38453317,0,0,1,✅ Normal
756.0,2018.0,0.38195422,0,1,0,✅ Normal
1729.0,2018.0,0.37966123,0,0,1,✅ Normal
880.0,2018.0,0.37873098,0,0,1,✅ Normal
489.0,2018.0,0.37664354,0,1,0,✅ Normal
1268.0,2018.0,0.3765068,0,0,1,✅ Normal
1027.0,2018.0,0.37558216,0,0,1,✅ Normal
871.0,2018.0,0.37531376,0,0,1,✅ Normal
760.0,2018.0,0.37519884,0,0,1,✅ Normal
1173.0,2018.0,0.37476125,0,0,1,✅ Normal
543.0,2018.0,0.37462476,0,0,1,✅ Normal
1216.0,2018.0,0.3732651,0,0,1,✅ Normal
977.0,2018.0,0.37277168,0,0,1,✅ Normal
451.0,2018.0,0.36628655,0,0,1,✅ Normal
1637.0,2018.0,0.36595547,0,0,1,✅ Normal
493.0,2018.0,0.36586672,0,0,1,✅ Normal
310.0,2018.0,0.36333138,0,0,1,✅ Normal
1130.0,2018.0,0.36056864,0,0,1,✅ Normal
1037.0,2018.0,0.35938475,0,1,0,✅ Normal
100.0,2018.0,0.35872373,0,0,1,✅ Normal
791.0,2018.0,0.35820717,0,0,1,✅ Normal
520.0,2018.0,0.35595524,0,0,1,✅ Normal
494.0,2018.0,0.35527125,0,0,1,✅ Normal
69.0,2018.0,0.35516012,0,0,1,✅ Normal
879.0,2018.0,0.3531845,0,1,0,✅ Normal
811.0,2017.0,0.35142425,0,1,0,✅ Normal
85.0,2018.0,0.3511457,0,1,0,✅ Normal
428.0,2018.0,0.3509793,0,0,1,✅ Normal
430.0,2017.0,0.34888336,0,0,1,✅ Normal
834.0,2017.0,0.3480253,0,1,0,✅ Normal
1477.0,2018.0,0.3476891,0,0,1,✅ Normal
1074.0,2018.0,0.34639043,0,0,1,✅ Normal
653.0,2018.0,0.3453381,0,0,1,✅ Normal
681.0,2018.0,0.3453285,0,0,1,✅ Normal
453.0,2018.0,0.34469166,0,0,1,✅ Normal
906.0,2018.0,0.34321633,0,0,1,✅ Normal
754.0,2018.0,0.34154618,0,0,1,✅ Normal
356.0,2018.0,0.34011883,0,0,1,✅ Normal
745.0,2018.0,0.33909637,0,0,1,✅ Normal
1465.0,2018.0,0.3382388,0,0,1,✅ Normal
618.0,2018.0,0.33618993,0,0,1,✅ Normal
1635.0,2018.0,0.33578333,0,0,1,✅ Normal
408.0,2017.0,0.33552462,0,0,1,✅ Normal
748.0,2018.0,0.3339036,0,0,1,✅ Normal
490.0,2017.0,0.3334616,0,0,1,✅ Normal
256.0,2018.0,0.3330143,0,1,0,✅ Normal
1482.0,2018.0,0.33160532,0,0,1,✅ Normal
378.0,2018.0,0.3310716,0,0,1,✅ Normal
1610.0,2018.0,0.3309991,0,0,1,✅ Normal
400.0,2018.0,0.33035806,0,0,1,✅ Normal
542.0,2018.0,0.32998043,0,0,1,✅ Normal
367.0,2018.0,0.3284543,0,0,1,✅ Normal
1411.0,2018.0,0.32493904,0,0,1,✅ Normal
682.0,2018.0,0.3238868,0,0,1,✅ Normal
869.0,2018.0,0.32372645,0,0,1,✅ Normal
1212.0,2018.0,0.32347938,0,1,0,✅ Normal
116.0,2018.0,0.32265407,0,1,0,✅ Normal
725.0,2018.0,0.3207563,0,0,1,✅ Normal
378.0,2017.0,0.32060024,0,0,1,✅ Normal
1117.0,2018.0,0.3185893,0,0,1,✅ Normal
272.0,2017.0,0.31804335,0,1,0,✅ Normal
1663.0,2018.0,0.31756943,0,0,1,✅ Normal
607.0,2018.0,0.31748444,0,1,0,✅ Normal
166.0,2018.0,0.3166128,0,0,1,✅ Normal
1310.0,2018.0,0.31659922,0,0,1,✅ Normal
1439.0,2018.0,0.31655857,0,0,1,✅ Normal
755.0,2018.0,0.31515548,0,0,1,✅ Normal
208.0,2018.0,0.31506667,0,0,1,✅ Normal
290.0,2018.0,0.31432962,0,0,1,✅ Normal
1418.0,2018.0,0.31364986,0,1,0,✅ Normal
1576.0,2018.0,0.31267208,0,0,1,✅ Normal
459.0,2017.0,0.3125755,0,0,1,✅ Normal
286.0,2017.0,0.3109389,0,1,0,✅ Normal
1371.0,2018.0,0.31070834,0,0,1,✅ Normal
671.0,2018.0,0.30832297,0,0,1,✅ Normal
454.0,2017.0,0.3082947,0,1,0,✅ Normal
418.0,2018.0,0.3073547,0,0,1,✅ Normal
1526.0,2018.0,0.3071602,0,1,0,✅ Normal
406.0,2018.0,0.3063484,0,0,1,✅ Normal
54.0,2018.0,0.3050566,0,1,0,✅ Normal
1285.0,2018.0,0.30405855,0,0,1,✅ Normal
620.0,2018.0,0.30375955,0,1,0,✅ Normal
304.0,2017.0,0.3026142,0,0,1,✅ Normal
1090.0,2018.0,0.29775298,0,0,1,✅ Normal
860.0,2018.0,0.29649237,0,1,0,✅ Normal
460.0,2018.0,0.29416475,0,1,0,✅ Normal
63.0,2018.0,0.29276207,0,0,1,✅ Normal
802.0,2018.0,0.2925259,0,1,0,✅ Normal
428.0,2017.0,0.2924317,0,0,1,✅ Normal
1350.0,2018.0,0.29186383,0,0,1,✅ Normal
990.0,2018.0,0.291676,0,0,1,✅ Normal
1243.0,2018.0,0.29020405,0,0,1,✅ Normal
1632.0,2018.0,0.28899005,0,0,1,✅ Normal
23.0,2018.0,0.2889283,0,0,1,✅ Normal
1612.0,2018.0,0.28802642,0,0,1,✅ Normal
1270.0,2018.0,0.2877866,0,0,1,✅ Normal
485.0,2018.0,0.2859671,0,1,0,✅ Normal
450.0,2018.0,0.28366923,0,0,1,✅ Normal
1534.0,2018.0,0.28158706,0,0,1,✅ Normal
1687.0,2018.0,0.27996737,0,0,1,✅ Normal
711.0,2018.0,0.27857003,0,0,1,✅ Normal
312.0,2018.0,0.27723068,0,0,1,✅ Normal
1050.0,2018.0,0.27632168,0,0,1,✅ Normal
1683.0,2018.0,0.27537245,0,0,1,✅ Normal
903.0,2018.0,0.27477664,0,0,1,✅ Normal
120.0,2018.0,0.27432656,0,0,1,✅ Normal
1217.0,2018.0,0.27341136,0,0,1,✅ Normal
364.0,2018.0,0.27335015,0,1,0,✅ Normal
663.0,2018.0,0.2713335,0,1,0,✅ Normal
605.0,2018.0,0.2686291,0,0,1,✅ Normal
1300.0,2018.0,0.26856616,0,0,1,✅ Normal
1251.0,2017.0,0.26840726,0,0,1,✅ Normal
626.0,2018.0,0.26585156,0,0,1,✅ Normal
59.0,2018.0,0.26511365,0,0,1,✅ Normal
800.0,2018.0,0.26502264,0,1,0,✅ Normal
1007.0,2018.0,0.26320097,0,0,1,✅ Normal
130.0,2018.0,0.26012313,0,0,1,✅ Normal
297.0,2017.0,0.25802547,0,1,0,✅ Normal
936.0,2017.0,0.25753218,0,0,1,✅ Normal
272.0,2018.0,0.25656965,0,0,1,✅ Normal
1594.0,2018.0,0.25488675,0,0,1,✅ Normal
444.0,2018.0,0.2547037,0,0,1,✅ Normal
329.0,2018.0,0.2545764,0,0,1,✅ Normal
1281.0,2018.0,0.25456902,0,1,0,✅ Normal
890.0,2018.0,0.2538083,0,0,1,✅ Normal
650.0,2018.0,0.25343278,0,0,1,✅ Normal
301.0,2017.0,0.25339136,0,0,1,✅ Normal
913.0,2018.0,0.25256038,0,1,0,✅ Normal
569.0,2018.0,0.25225997,0,0,1,✅ Normal
498.0,2017.0,0.25191614,0,0,1,✅ Normal
1237.0,2018.0,0.2506222,0,0,1,✅ Normal
821.0,2018.0,0.25047743,0,0,1,✅ Normal
884.0,2018.0,0.25009415,0,0,1,✅ Normal
858.0,2018.0,0.24631952,0,0,1,✅ Normal
1542.0,2018.0,0.24579489,0,0,1,✅ Normal
1181.0,2017.0,0.24548697,0,0,1,✅ Normal
760.0,2017.0,0.24536906,0,1,0,✅ Normal
1719.0,2018.0,0.24507518,0,0,1,✅ Normal
207.0,2018.0,0.24452391,0,1,0,✅ Normal
691.0,2018.0,0.24185362,0,0,1,✅ Normal
987.0,2018.0,0.2417006,0,1,0,✅ Normal
1659.0,2018.0,0.24127209,0,0,1,✅ Normal
946.0,2018.0,0.24041745,0,0,1,✅ Normal
604.0,2018.0,0.23941621,0,0,1,✅ Normal
872.0,2018.0,0.23851097,0,0,1,✅ Normal
544.0,2018.0,0.23763452,0,0,1,✅ Normal
854.0,2018.0,0.23672228,0,1,0,✅ Normal
1515.0,2018.0,0.23666431,0,0,1,✅ Normal
474.0,2018.0,0.23602882,0,0,1,✅ Normal
522.0,2018.0,0.23554581,0,0,1,✅ Normal
1718.0,2018.0,0.23261939,0,0,1,✅ Normal
1064.0,2018.0,0.23040909,0,0,1,✅ Normal
407.0,2018.0,0.22953622,0,0,1,✅ Normal
1028.0,2018.0,0.22946608,0,0,1,✅ Normal
289.0,2018.0,0.22891706,0,0,1,✅ Normal
1297.0,2018.0,0.22819781,0,0,1,✅ Normal
240.0,2018.0,0.22653937,0,0,1,✅ Normal
996.0,2018.0,0.22589833,0,0,1,✅ Normal
933.0,2018.0,0.22433402,0,1,0,✅ Normal
323.0,2018.0,0.22345957,0,1,0,✅ Normal
10.0,2018.0,0.22253884,0,0,1,✅ Normal
1404.0,2018.0,0.22080418,0,0,1,✅ Normal
690.0,2018.0,0.22054307,0,0,1,✅ Normal
762.0,2018.0,0.21966189,0,0,1,✅ Normal
1399.0,2018.0,0.21772596,0,0,1,✅ Normal
454.0,2018.0,0.21706215,0,1,0,✅ Normal
1194.0,2018.0,0.21443386,0,0,1,✅ Normal
261.0,2018.0,0.21290854,0,0,1,✅ Normal
453.0,2017.0,0.21208705,0,0,1,✅ Normal
1002.0,2018.0,0.21152496,0,0,1,✅ Normal
355.0,2018.0,0.21030208,0,1,0,✅ Normal
289.0,2017.0,0.20981759,0,0,1,✅ Normal
190.0,2018.0,0.20963177,0,1,0,✅ Normal
1381.0,2018.0,0.20833537,0,0,1,✅ Normal
757.0,2018.0,0.20831634,0,0,1,✅ Normal
184.0,2018.0,0.20808998,0,0,1,✅ Normal
1229.0,2018.0,0.20706534,0,0,1,✅ Normal
953.0,2018.0,0.20624581,0,0,1,✅ Normal
407.0,2017.0,0.20613848,0,0,1,✅ Normal
287.0,2018.0,0.2059297,0,0,1,✅ Normal
450.0,2017.0,0.20579128,0,0,1,✅ Normal
752.0,2018.0,0.20562497,0,0,1,✅ Normal
1558.0,2018.0,0.20538688,0,1,0,✅ Normal
559.0,2018.0,0.20528522,0,0,1,✅ Normal
716.0,2018.0,0.20400833,0,0,1,✅ Normal
1340.0,2018.0,0.20383382,0,0,1,✅ Normal
806.0,2018.0,0.20331793,0,0,1,✅ Normal
204.0,2018.0,0.20289685,0,0,1,✅ Normal
227.0,2018.0,0.20231247,0,0,1,✅ Normal
98.0,2018.0,0.20230196,0,0,1,✅ Normal
881.0,2018.0,0.20226015,0,0,1,✅ Normal
842.0,2018.0,0.20055524,0,0,1,✅ Normal
1495.0,2018.0,0.19777368,0,0,1,✅ Normal
1288.0,2018.0,0.19686922,0,0,1,✅ Normal
512.0,2018.0,0.19569509,0,1,0,✅ Normal
1168.0,2018.0,0.19313665,0,0,1,✅ Normal
631.0,2018.0,0.19268464,0,0,1,✅ Normal
1004.0,2018.0,0.19230424,0,0,1,✅ Normal
1265.0,2018.0,0.19173396,0,0,1,✅ Normal
145.0,2018.0,0.19109876,0,0,1,✅ Normal
1447.0,2018.0,0.19068204,0,0,1,✅ Normal
301.0,2018.0,0.18953238,0,0,1,✅ Normal
1720.0,2018.0,0.18812397,0,0,1,✅ Normal
635.0,2018.0,0.18795599,0,0,1,✅ Normal
401.0,2018.0,0.1877564,0,0,1,✅ Normal
1468.0,2018.0,0.18743365,0,0,1,✅ Normal
1032.0,2018.0,0.18698059,0,0,1,✅ Normal
1389.0,2018.0,0.18310207,0,0,1,✅ Normal
222.0,2017.0,0.18299507,0,0,1,✅ Normal
1163.0,2018.0,0.18268481,0,0,1,✅ Normal
1168.0,2017.0,0.18041526,0,0,1,✅ Normal
174.0,2018.0,0.1802916,0,0,1,✅ Normal
855.0,2018.0,0.17930417,0,0,1,✅ Normal
97.0,2018.0,0.17817517,0,0,1,✅ Normal
1699.0,2018.0,0.17763226,0,0,1,✅ Normal
882.0,2018.0,0.17734206,0,0,1,✅ Normal
111.0,2018.0,0.17730048,0,0,1,✅ Normal
1395.0,2018.0,0.17718181,0,1,0,✅ Normal
176.0,2018.0,0.17598166,0,0,1,✅ Normal
354.0,2018.0,0.17579912,0,0,1,✅ Normal
299.0,2017.0,0.17540807,0,0,1,✅ Normal
1532.0,2018.0,0.17510824,0,0,1,✅ Normal
1568.0,2018.0,0.17417249,0,1,0,✅ Normal
188.0,2018.0,0.17338535,0,0,1,✅ Normal
562.0,2018.0,0.17333715,0,1,0,✅ Normal
829.0,2018.0,0.17103763,0,0,1,✅ Normal
821.0,2017.0,0.17066835,0,0,1,✅ Normal
1703.0,2018.0,0.17007959,0,0,1,✅ Normal
177.0,2018.0,0.16982715,0,0,1,✅ Normal
1455.0,2018.0,0.16876057,0,0,1,✅ Normal
777.0,2017.0,0.16849832,0,0,1,✅ Normal
1669.0,2018.0,0.16796923,0,0,1,✅ Normal
459.0,2018.0,0.16730987,0,0,1,✅ Normal
1312.0,2018.0,0.16714695,0,0,1,✅ Normal
446.0,2018.0,0.16638917,0,0,1,✅ Normal
484.0,2017.0,0.16504116,0,0,1,✅ Normal
1192.0,2018.0,0.16418274,0,0,1,✅ Normal
683.0,2018.0,0.16366509,0,0,1,✅ Normal
1375.0,2018.0,0.16358598,0,0,1,✅ Normal
67.0,2018.0,0.16316901,0,0,1,✅ Normal
1548.0,2018.0,0.16263998,0,1,0,✅ Normal
196.0,2018.0,0.16253906,0,0,1,✅ Normal
550.0,2018.0,0.1620678,0,1,0,✅ Normal
1034.0,2018.0,0.16198723,0,1,0,✅ Normal
809.0,2017.0,0.16192622,0,0,1,✅ Normal
362.0,2018.0,0.16190194,0,0,1,✅ Normal
140.0,2018.0,0.16174063,0,0,1,✅ Normal
630.0,2018.0,0.16070321,0,0,1,✅ Normal
867.0,2018.0,0.1605328,0,0,1,✅ Normal
150.0,2018.0,0.15897544,0,0,1,✅ Normal
834.0,2018.0,0.15880115,0,0,1,✅ Normal
708.0,2018.0,0.15736505,0,0,1,✅ Normal
155.0,2018.0,0.15668301,0,0,1,✅ Normal
409.0,2018.0,0.15608782,0,0,1,✅ Normal
1026.0,2018.0,0.15585782,0,1,0,✅ Normal
535.0,2018.0,0.15567684,0,0,1,✅ Normal
986.0,2018.0,0.15442306,0,0,1,✅ Normal
398.0,2018.0,0.1540321,0,0,1,✅ Normal
1481.0,2018.0,0.15298562,0,0,1,✅ Normal
519.0,2018.0,0.15297318,0,0,1,✅ Normal
1560.0,2018.0,0.1526614,0,0,1,✅ Normal
539.0,2018.0,0.15171199,0,0,1,✅ Normal
1673.0,2018.0,0.15104616,0,0,1,✅ Normal
51.0,2018.0,0.1497414,0,0,1,✅ Normal
304.0,2018.0,0.14959408,0,0,1,✅ Normal
702.0,2018.0,0.14908516,0,0,1,✅ Normal
1326.0,2018.0,0.147867,0,0,1,✅ Normal
448.0,2018.0,0.14731523,0,0,1,✅ Normal
1633.0,2018.0,0.14621542,0,0,1,✅ Normal
724.0,2017.0,0.1461274,0,0,1,✅ Normal
1434.0,2018.0,0.14445028,0,0,1,✅ Normal
397.0,2017.0,0.14422995,0,0,1,✅ Normal
487.0,2017.0,0.14379221,0,0,1,✅ Normal
846.0,2018.0,0.14368692,0,0,1,✅ Normal
1257.0,2018.0,0.14361861,0,0,1,✅ Normal
112.0,2018.0,0.14355288,0,0,1,✅ Normal
510.0,2018.0,0.1433262,0,0,1,✅ Normal
185.0,2018.0,0.14315732,0,0,1,✅ Normal
1460.0,2018.0,0.142267,0,0,1,✅ Normal
249.0,2018.0,0.14223428,0,0,1,✅ Normal
1101.0,2018.0,0.14049192,0,0,1,✅ Normal
1251.0,2018.0,0.14041382,0,0,1,✅ Normal
222.0,2018.0,0.14021362,0,0,1,✅ Normal
978.0,2018.0,0.13993199,0,0,1,✅ Normal
568.0,2018.0,0.13966092,0,0,1,✅ Normal
1583.0,2018.0,0.13955264,0,0,1,✅ Normal
1715.0,2018.0,0.1395388,0,0,1,✅ Normal
466.0,2018.0,0.1391818,0,0,1,✅ Normal
1665.0,2018.0,0.13857111,0,0,1,✅ Normal
481.0,2018.0,0.13680875,0,0,1,✅ Normal
1088.0,2018.0,0.13649164,0,0,1,✅ Normal
601.0,2018.0,0.13467951,0,0,1,✅ Normal
436.0,2018.0,0.13425815,0,0,1,✅ Normal
1650.0,2018.0,0.13402997,0,0,1,✅ Normal
311.0,2018.0,0.13345367,0,0,1,✅ Normal
494.0,2017.0,0.13216263,0,0,1,✅ Normal
670.0,2018.0,0.12942712,0,0,1,✅ Normal
1309.0,2018.0,0.12875324,0,0,1,✅ Normal
291.0,2018.0,0.12806246,0,0,1,✅ Normal
124.0,2018.0,0.12781444,0,0,1,✅ Normal
1436.0,2018.0,0.12688051,0,0,1,✅ Normal
488.0,2018.0,0.12623945,0,0,1,✅ Normal
303.0,2018.0,0.1253476,0,0,1,✅ Normal
961.0,2018.0,0.124764204,0,0,1,✅ Normal
1530.0,2018.0,0.12470218,0,0,1,✅ Normal
1705.0,2018.0,0.12431398,0,0,1,✅ Normal
493.0,2017.0,0.12247748,0,0,1,✅ Normal
390.0,2017.0,0.12177248,0,0,1,✅ Normal
397.0,2018.0,0.12171749,0,0,1,✅ Normal
1702.0,2018.0,0.11967958,0,1,0,✅ Normal
964.0,2018.0,0.11956002,0,0,1,✅ Normal
958.0,2018.0,0.11931853,0,0,1,✅ Normal
980.0,2018.0,0.11904233,0,0,1,✅ Normal
446.0,2017.0,0.11897053,0,0,1,✅ Normal
705.0,2018.0,0.11797972,0,0,1,✅ Normal
822.0,2017.0,0.1179406,0,0,1,✅ Normal
297.0,2018.0,0.11783879,0,0,1,✅ Normal
1732.0,2018.0,0.116684794,0,0,1,✅ Normal
223.0,2018.0,0.116561554,0,0,1,✅ Normal
440.0,2018.0,0.11593131,0,0,1,✅ Normal
1529.0,2018.0,0.11581479,0,0,1,✅ Normal
86.0,2018.0,0.11524138,0,0,1,✅ Normal
700.0,2018.0,0.11507757,0,0,1,✅ Normal
361.0,2018.0,0.114731625,0,0,1,✅ Normal
369.0,2018.0,0.114602305,0,0,1,✅ Normal
429.0,2018.0,0.11449895,0,0,1,✅ Normal
874.0,2018.0,0.113874674,0,0,1,✅ Normal
1544.0,2018.0,0.11292376,0,1,0,✅ Normal
963.0,2018.0,0.11276269,0,1,0,✅ Normal
665.0,2018.0,0.11247535,0,0,1,✅ Normal
1220.0,2018.0,0.112224124,0,0,1,✅ Normal
1591.0,2018.0,0.11158509,0,0,1,✅ Normal
271.0,2018.0,0.111571945,0,0,1,✅ Normal
266.0,2018.0,0.111004904,0,0,1,✅ Normal
1557.0,2018.0,0.110862926,0,0,1,✅ Normal
394.0,2017.0,0.10917196,0,0,1,✅ Normal
1041.0,2018.0,0.10905465,0,0,1,✅ Normal
1302.0,2018.0,0.10905054,0,0,1,✅ Normal
873.0,2018.0,0.108809054,0,0,1,✅ Normal
731.0,2018.0,0.10738033,0,0,1,✅ Normal
4.0,2018.0,0.10724519,0,1,0,✅ Normal
891.0,2018.0,0.10658654,0,0,1,✅ Normal
1587.0,2018.0,0.10621704,0,0,1,✅ Normal
611.0,2018.0,0.105688244,0,1,0,✅ Normal
844.0,2018.0,0.1052845,0,0,1,✅ Normal
1147.0,2018.0,0.10517973,0,0,1,✅ Normal
236.0,2017.0,0.10358714,0,0,1,✅ Normal
244.0,2018.0,0.103237376,0,0,1,✅ Normal
8.0,2018.0,0.10296174,0,0,1,✅ Normal
1194.0,2017.0,0.10293234,0,0,1,✅ Normal
394.0,2018.0,0.10284417,0,0,1,✅ Normal
1018.0,2018.0,0.10255153,0,0,1,✅ Normal
1679.0,2018.0,0.10228643,0,0,1,✅ Normal
1608.0,2018.0,0.10200528,0,0,1,✅ Normal
1293.0,2018.0,0.101780705,0,0,1,✅ Normal
729.0,2018.0,0.101125896,0,0,1,✅ Normal
777.0,2018.0,0.100863315,0,0,1,✅ Normal
1113.0,2018.0,0.10063713,0,0,1,✅ Normal
1487.0,2018.0,0.10024286,0,0,1,✅ Normal
1345.0,2018.0,0.099493586,0,0,1,✅ Normal
396.0,2018.0,0.09925566,0,0,1,✅ Normal
398.0,2017.0,0.09906458,0,0,1,✅ Normal
1622.0,2018.0,0.09885879,0,0,1,✅ Normal
1628.0,2018.0,0.09881388,0,0,1,✅ Normal
1198.0,2017.0,0.098648824,0,0,1,✅ Normal
831.0,2018.0,0.09859435,0,0,1,✅ Normal
937.0,2018.0,0.098011725,0,0,1,✅ Normal
332.0,2018.0,0.09771202,0,0,1,✅ Normal
593.0,2018.0,0.09719888,0,0,1,✅ Normal
1653.0,2018.0,0.09682603,0,0,1,✅ Normal
1280.0,2018.0,0.09665247,0,0,1,✅ Normal
1368.0,2018.0,0.09641266,0,0,1,✅ Normal
481.0,2017.0,0.09613113,0,0,1,✅ Normal
1073.0,2018.0,0.09590325,0,0,1,✅ Normal
529.0,2018.0,0.09545809,0,0,1,✅ Normal
303.0,2017.0,0.09430048,0,0,1,✅ Normal
509.0,2018.0,0.09429773,0,0,1,✅ Normal
1357.0,2018.0,0.093829624,0,0,1,✅ Normal
438.0,2018.0,0.093435034,0,1,0,✅ Normal
75.0,2018.0,0.09327914,0,0,1,✅ Normal
1735.0,2018.0,0.09316006,0,1,0,✅ Normal
1247.0,2018.0,0.09272572,0,0,1,✅ Normal
1242.0,2018.0,0.092247814,0,0,1,✅ Normal
381.0,2018.0,0.09149939,0,0,1,✅ Normal
584.0,2018.0,0.090826206,0,0,1,✅ Normal
505.0,2018.0,0.09060461,0,0,1,✅ Normal
322.0,2018.0,0.09045935,0,0,1,✅ Normal
766.0,2018.0,0.0901978,0,1,0,✅ Normal
1421.0,2018.0,0.09010011,0,0,1,✅ Normal
648.0,2018.0,0.09004645,0,0,1,✅ Normal
408.0,2018.0,0.0895052,0,0,1,✅ Normal
822.0,2018.0,0.08941105,0,0,1,✅ Normal
1360.0,2018.0,0.08862501,0,0,1,✅ Normal
814.0,2018.0,0.0885624,0,0,1,✅ Normal
1463.0,2018.0,0.08854736,0,0,1,✅ Normal
1198.0,2018.0,0.0884529,0,0,1,✅ Normal
1723.0,2018.0,0.088228084,0,0,1,✅ Normal
216.0,2018.0,0.08801321,0,0,1,✅ Normal
1327.0,2018.0,0.08781797,0,1,0,✅ Normal
236.0,2018.0,0.08762098,0,0,1,✅ Normal
209.0,2018.0,0.087572776,0,0,1,✅ Normal
832.0,2017.0,0.08743346,0,0,1,✅ Normal
1689.0,2018.0,0.08712016,0,0,1,✅ Normal
828.0,2017.0,0.08661626,0,0,1,✅ Normal
432.0,2018.0,0.08623788,0,0,1,✅ Normal
375.0,2018.0,0.0861722,0,0,1,✅ Normal
541.0,2018.0,0.085820995,0,0,1,✅ Normal
1567.0,2018.0,0.08579648,0,0,1,✅ Normal
981.0,2018.0,0.08529985,0,0,1,✅ Normal
804.0,2018.0,0.08498805,0,0,1,✅ Normal
319.0,2018.0,0.08497917,0,0,1,✅ Normal
1580.0,2018.0,0.08473395,0,0,1,✅ Normal
641.0,2018.0,0.084242254,0,0,1,✅ Normal
840.0,2018.0,0.0841566,0,0,1,✅ Normal
595.0,2018.0,0.08376337,0,0,1,✅ Normal
376.0,2018.0,0.0829486,0,1,0,✅ Normal
696.0,2018.0,0.082930826,0,0,1,✅ Normal
894.0,2018.0,0.08267644,0,0,1,✅ Normal
1626.0,2018.0,0.08236446,0,0,1,✅ Normal
1176.0,2018.0,0.082313694,0,1,0,✅ Normal
271.0,2017.0,0.08228188,0,0,1,✅ Normal
1686.0,2018.0,0.082063384,0,1,0,✅ Normal
1728.0,2018.0,0.08197083,0,0,1,✅ Normal
655.0,2018.0,0.08177181,0,0,1,✅ Normal
178.0,2018.0,0.08151264,0,0,1,✅ Normal
697.0,2018.0,0.08142172,0,0,1,✅ Normal
388.0,2018.0,0.08097247,0,1,0,✅ Normal
820.0,2018.0,0.0809266,0,0,1,✅ Normal
1248.0,2018.0,0.08092058,0,0,1,✅ Normal
1585.0,2018.0,0.080000035,0,0,1,✅ Normal
186.0,2018.0,0.07991723,0,0,1,✅ Normal
627.0,2018.0,0.079718426,0,0,1,✅ Normal
1097.0,2018.0,0.07953643,0,0,1,✅ Normal
132.0,2018.0,0.07950835,0,0,1,✅ Normal
305.0,2017.0,0.07939875,0,0,1,✅ Normal
486.0,2018.0,0.07892918,0,0,1,✅ Normal
1644.0,2018.0,0.07813269,0,0,1,✅ Normal
455.0,2018.0,0.078001045,0,0,1,✅ Normal
1514.0,2018.0,0.07743175,0,0,1,✅ Normal
108.0,2018.0,0.077354945,0,0,1,✅ Normal
1671.0,2018.0,0.076465175,0,0,1,✅ Normal
1176.0,2017.0,0.075589076,0,1,0,✅ Normal
1601.0,2018.0,0.07552025,0,0,1,✅ Normal
50.0,2018.0,0.0748168,0,0,1,✅ Normal
13.0,2018.0,0.07458816,0,1,0,✅ Normal
1410.0,2018.0,0.07451645,0,0,1,✅ Normal
380.0,2018.0,0.07426621,0,0,1,✅ Normal
1081.0,2018.0,0.07362012,0,0,1,✅ Normal
351.0,2018.0,0.07353895,0,0,1,✅ Normal
468.0,2018.0,0.07333071,0,0,1,✅ Normal
498.0,2018.0,0.07267152,0,0,1,✅ Normal
1378.0,2018.0,0.07260029,0,0,1,✅ Normal
1014.0,2018.0,0.07224412,0,0,1,✅ Normal
852.0,2018.0,0.07165875,0,0,1,✅ Normal
513.0,2018.0,0.07157277,0,0,1,✅ Normal
226.0,2018.0,0.07139122,0,0,1,✅ Normal
795.0,2018.0,0.07094296,0,0,1,✅ Normal
856.0,2018.0,0.07045297,0,0,1,✅ Normal
409.0,2017.0,0.0700334,0,0,1,✅ Normal
515.0,2018.0,0.06969186,0,1,0,✅ Normal
1265.0,2017.0,0.069374934,0,0,1,✅ Normal
1627.0,2018.0,0.06927963,0,0,1,✅ Normal
820.0,2017.0,0.0691635,0,0,1,✅ Normal
617.0,2018.0,0.068752795,0,1,0,✅ Normal
728.0,2017.0,0.068501264,0,0,1,✅ Normal
1047.0,2018.0,0.06837755,0,0,1,✅ Normal
1210.0,2018.0,0.06823718,0,0,1,✅ Normal
864.0,2018.0,0.06808694,0,0,1,✅ Normal
1085.0,2018.0,0.06803624,0,0,1,✅ Normal
707.0,2018.0,0.06788327,0,0,1,✅ Normal
371.0,2018.0,0.067817554,0,0,1,✅ Normal
113.0,2018.0,0.06775544,0,0,1,✅ Normal
1266.0,2017.0,0.06772035,0,1,0,✅ Normal
477.0,2017.0,0.06755417,0,0,1,✅ Normal
1226.0,2018.0,0.06753953,0,0,1,✅ Normal
832.0,2018.0,0.06712399,0,0,1,✅ Normal
1078.0,2018.0,0.06674625,0,0,1,✅ Normal
1178.0,2017.0,0.066252716,0,1,0,✅ Normal
576.0,2018.0,0.0661379,0,0,1,✅ Normal
1726.0,2018.0,0.06565705,0,0,1,✅ Normal
246.0,2018.0,0.064897306,0,1,0,✅ Normal
661.0,2018.0,0.06452297,0,0,1,✅ Normal
1248.0,2017.0,0.064466484,0,0,1,✅ Normal
1266.0,2018.0,0.064389035,0,1,0,✅ Normal
1252.0,2018.0,0.06425225,0,0,1,✅ Normal
695.0,2018.0,0.06422749,0,0,1,✅ Normal
162.0,2018.0,0.06420967,0,0,1,✅ Normal
824.0,2017.0,0.06403848,0,0,1,✅ Normal
432.0,2017.0,0.06386703,0,1,0,✅ Normal
1144.0,2018.0,0.06346656,0,0,1,✅ Normal
306.0,2017.0,0.06338613,0,1,0,✅ Normal
909.0,2018.0,0.063348375,0,0,1,✅ Normal
735.0,2018.0,0.063164294,0,0,1,✅ Normal
829.0,2017.0,0.06309668,0,0,1,✅ Normal
1277.0,2018.0,0.06295297,0,0,1,✅ Normal
825.0,2017.0,0.06287483,0,0,1,✅ Normal
942.0,2018.0,0.062458884,0,0,1,✅ Normal
43.0,2018.0,0.062446017,0,0,1,✅ Normal
920.0,2018.0,0.0623184,0,0,1,✅ Normal
1646.0,2018.0,0.062284604,0,0,1,✅ Normal
405.0,2018.0,0.062150095,0,0,1,✅ Normal
1403.0,2018.0,0.061393186,0,0,1,✅ Normal
521.0,2018.0,0.061224215,0,0,1,✅ Normal
555.0,2018.0,0.06111959,0,0,1,✅ Normal
660.0,2018.0,0.061105486,0,0,1,✅ Normal
382.0,2018.0,0.060501873,0,0,1,✅ Normal
1624.0,2018.0,0.06046974,0,0,1,✅ Normal
195.0,2018.0,0.060269695,0,0,1,✅ Normal
704.0,2018.0,0.060212564,0,0,1,✅ Normal
1566.0,2018.0,0.060174193,0,0,1,✅ Normal
1578.0,2018.0,0.059820972,0,0,1,✅ Normal
496.0,2017.0,0.059455287,0,0,1,✅ Normal
1537.0,2018.0,0.05931669,0,0,1,✅ Normal
1048.0,2018.0,0.05912587,0,0,1,✅ Normal
662.0,2018.0,0.058824163,0,0,1,✅ Normal
1163.0,2017.0,0.05872408,0,0,1,✅ Normal
482.0,2018.0,0.058590446,0,0,1,✅ Normal
692.0,2018.0,0.05857844,0,0,1,✅ Normal
1739.0,2018.0,0.058473166,0,0,1,✅ Normal
749.0,2018.0,0.058389317,0,0,1,✅ Normal
83.0,2018.0,0.058239203,0,0,1,✅ Normal
152.0,2018.0,0.05774766,0,0,1,✅ Normal
255.0,2018.0,0.057374895,0,0,1,✅ Normal
359.0,2018.0,0.057164017,0,0,1,✅ Normal
1651.0,2018.0,0.057102695,0,0,1,✅ Normal
594.0,2018.0,0.057071567,0,0,1,✅ Normal
954.0,2018.0,0.05555649,0,0,1,✅ Normal
1541.0,2018.0,0.055501666,0,0,1,✅ Normal
405.0,2017.0,0.055379223,0,0,1,✅ Normal
215.0,2018.0,0.055028528,0,0,1,✅ Normal
1380.0,2018.0,0.054999106,0,0,1,✅ Normal
11.0,2018.0,0.05498087,0,0,1,✅ Normal
1617.0,2018.0,0.05475863,0,0,1,✅ Normal
1417.0,2018.0,0.05468338,0,0,1,✅ Normal
993.0,2018.0,0.054569554,0,0,1,✅ Normal
1733.0,2018.0,0.054444555,0,0,1,✅ Normal
658.0,2018.0,0.05436657,0,0,1,✅ Normal
1092.0,2018.0,0.053894203,0,0,1,✅ Normal
1697.0,2018.0,0.05374963,0,0,1,✅ Normal
722.0,2017.0,0.053581163,0,0,1,✅ Normal
1598.0,2018.0,0.053372953,0,0,1,✅ Normal
574.0,2018.0,0.053346157,0,0,1,✅ Normal
291.0,2017.0,0.053301424,0,0,1,✅ Normal
1362.0,2018.0,0.053236455,0,0,1,✅ Normal
824.0,2018.0,0.053121094,0,0,1,✅ Normal
892.0,2018.0,0.052617006,0,0,1,✅ Normal
483.0,2018.0,0.052584592,0,0,1,✅ Normal
1021.0,2018.0,0.05245666,0,0,1,✅ Normal
1639.0,2018.0,0.052450567,0,0,1,✅ Normal
1233.0,2017.0,0.05228942,0,0,1,✅ Normal
1444.0,2018.0,0.052068673,0,1,0,✅ Normal
848.0,2018.0,0.05206121,0,0,1,✅ Normal
776.0,2018.0,0.052000638,0,0,1,✅ Normal
1621.0,2018.0,0.051982258,0,0,1,✅ Normal
265.0,2018.0,0.05192203,0,0,1,✅ Normal
1660.0,2018.0,0.05179076,0,0,1,✅ Normal
579.0,2018.0,0.051729456,0,0,1,✅ Normal
305.0,2018.0,0.051631745,0,0,1,✅ Normal
1581.0,2018.0,0.051455084,0,0,1,✅ Normal
1536.0,2018.0,0.0511412,0,0,1,✅ Normal
479.0,2018.0,0.050959174,0,0,1,✅ Normal
813.0,2018.0,0.050825864,0,0,1,✅ Normal
1184.0,2018.0,0.05060744,0,0,1,✅ Normal
688.0,2018.0,0.05048409,0,0,1,✅ Normal
1696.0,2018.0,0.050234016,0,0,1,✅ Normal
949.0,2018.0,0.050094675,0,0,1,✅ Normal
1614.0,2018.0,0.04982803,0,0,1,✅ Normal
1521.0,2018.0,0.04955603,0,0,1,✅ Normal
863.0,2018.0,0.04899858,0,0,1,✅ Normal
1540.0,2018.0,0.04887201,0,0,1,✅ Normal
306.0,2018.0,0.048842292,0,0,1,✅ Normal
979.0,2018.0,0.04877923,0,0,1,✅ Normal
1162.0,2017.0,0.048749126,0,0,1,✅ Normal
210.0,2018.0,0.04856328,0,0,1,✅ Normal
581.0,2018.0,0.047409534,0,0,1,✅ Normal
982.0,2018.0,0.047332704,0,0,1,✅ Normal
1171.0,2017.0,0.04705518,0,0,1,✅ Normal
998.0,2018.0,0.046883278,0,0,1,✅ Normal
480.0,2018.0,0.046779428,0,0,1,✅ Normal
1743.0,2018.0,0.046403993,0,0,1,✅ Normal
1630.0,2018.0,0.046097394,0,0,1,✅ Normal
851.0,2018.0,0.045620542,0,0,1,✅ Normal
118.0,2018.0,0.04541031,0,0,1,✅ Normal
528.0,2018.0,0.04540911,0,0,1,✅ Normal
746.0,2018.0,0.04460022,0,0,1,✅ Normal
932.0,2018.0,0.04454525,0,0,1,✅ Normal
410.0,2018.0,0.044405364,0,0,1,✅ Normal
175.0,2018.0,0.044393893,0,0,1,✅ Normal
548.0,2018.0,0.044179298,0,0,1,✅ Normal
639.0,2018.0,0.043909542,0,0,1,✅ Normal
235.0,2018.0,0.04371286,0,0,1,✅ Normal
1424.0,2018.0,0.04351754,0,0,1,✅ Normal
17.0,2018.0,0.04320785,0,0,1,✅ Normal
1089.0,2018.0,0.043104652,0,0,1,✅ Normal
1239.0,2017.0,0.043074768,0,0,1,✅ Normal
1736.0,2018.0,0.043041386,0,0,1,✅ Normal
192.0,2018.0,0.04268826,0,0,1,✅ Normal
426.0,2018.0,0.042642068,0,0,1,✅ Normal
885.0,2018.0,0.042588785,0,0,1,✅ Normal
1589.0,2018.0,0.042358525,0,0,1,✅ Normal
1099.0,2018.0,0.04220099,0,0,1,✅ Normal
1682.0,2018.0,0.041891284,0,0,1,✅ Normal
752.0,2017.0,0.041754883,0,0,1,✅ Normal
1075.0,2018.0,0.041702684,0,0,1,✅ Normal
823.0,2017.0,0.04130462,0,0,1,✅ Normal
1524.0,2018.0,0.04117939,0,0,1,✅ Normal
330.0,2018.0,0.04117147,0,0,1,✅ Normal
557.0,2018.0,0.04084805,0,0,1,✅ Normal
467.0,2018.0,0.040727787,0,0,1,✅ Normal
862.0,2018.0,0.040634546,0,0,1,✅ Normal
722.0,2018.0,0.04032128,0,0,1,✅ Normal
201.0,2018.0,0.040276088,0,0,1,✅ Normal
751.0,2018.0,0.03993705,0,0,1,✅ Normal
1509.0,2018.0,0.03987878,0,0,1,✅ Normal
928.0,2018.0,0.039397515,0,0,1,✅ Normal
1561.0,2018.0,0.039046235,0,0,1,✅ Normal
1062.0,2018.0,0.03893497,0,0,1,✅ Normal
585.0,2018.0,0.03872079,0,1,0,✅ Normal
1443.0,2018.0,0.038680572,0,0,1,✅ Normal
538.0,2018.0,0.038392916,0,0,1,✅ Normal
1223.0,2018.0,0.03836164,0,0,1,✅ Normal
64.0,2018.0,0.03834086,0,0,1,✅ Normal
503.0,2018.0,0.038230453,0,0,1,✅ Normal
234.0,2017.0,0.03814647,0,0,1,✅ Normal
952.0,2018.0,0.037986226,0,0,1,✅ Normal
1346.0,2018.0,0.037675753,0,0,1,✅ Normal
687.0,2018.0,0.03752893,0,0,1,✅ Normal
680.0,2018.0,0.03743417,0,0,1,✅ Normal
1358.0,2018.0,0.03737522,0,0,1,✅ Normal
1700.0,2018.0,0.037156288,0,0,1,✅ Normal
76.0,2018.0,0.036718067,0,0,1,✅ Normal
1478.0,2018.0,0.036533684,0,0,1,✅ Normal
1737.0,2018.0,0.03650605,0,0,1,✅ Normal
1513.0,2018.0,0.03642133,0,0,1,✅ Normal
135.0,2018.0,0.03638373,0,0,1,✅ Normal
1505.0,2018.0,0.036304962,0,0,1,✅ Normal
1330.0,2018.0,0.03615036,0,0,1,✅ Normal
895.0,2018.0,0.03613512,0,0,1,✅ Normal
430.0,2018.0,0.03600405,0,0,1,✅ Normal
564.0,2018.0,0.03576461,0,0,1,✅ Normal
922.0,2018.0,0.035627276,0,0,1,✅ Normal
72.0,2018.0,0.035525586,0,0,1,✅ Normal
718.0,2018.0,0.035246737,0,0,1,✅ Normal
187.0,2018.0,0.03514842,0,0,1,✅ Normal
314.0,2018.0,0.034982003,0,0,1,✅ Normal
1225.0,2018.0,0.034971654,0,0,1,✅ Normal
337.0,2018.0,0.034962177,0,0,1,✅ Normal
782.0,2018.0,0.034872606,0,0,1,✅ Normal
1077.0,2018.0,0.034870148,0,0,1,✅ Normal
487.0,2018.0,0.03485931,0,0,1,✅ Normal
1095.0,2018.0,0.034729607,0,0,1,✅ Normal
1721.0,2018.0,0.034535438,0,0,1,✅ Normal
1605.0,2018.0,0.034474835,0,0,1,✅ Normal
1556.0,2018.0,0.0344555,0,0,1,✅ Normal
194.0,2018.0,0.034428407,0,0,1,✅ Normal
621.0,2018.0,0.034381755,0,0,1,✅ Normal
1071.0,2018.0,0.034286622,0,0,1,✅ Normal
1453.0,2018.0,0.03410085,0,0,1,✅ Normal
1454.0,2018.0,0.033967383,0,0,1,✅ Normal
1607.0,2018.0,0.03388225,0,0,1,✅ Normal
812.0,2018.0,0.03384689,0,0,1,✅ Normal
1484.0,2018.0,0.033494487,0,0,1,✅ Normal
1247.0,2017.0,0.033418253,0,0,1,✅ Normal
1165.0,2017.0,0.03330404,0,0,1,✅ Normal
565.0,2018.0,0.033211324,0,0,1,✅ Normal
771.0,2018.0,0.033170104,0,0,1,✅ Normal
197.0,2018.0,0.033141643,0,0,1,✅ Normal
482.0,2017.0,0.033056848,0,0,1,✅ Normal
224.0,2018.0,0.033056464,0,0,1,✅ Normal
1239.0,2018.0,0.032841083,0,0,1,✅ Normal
316.0,2018.0,0.032788992,0,0,1,✅ Normal
308.0,2018.0,0.031949703,0,0,1,✅ Normal
1379.0,2018.0,0.031761747,0,0,1,✅ Normal
283.0,2018.0,0.0316874,0,0,1,✅ Normal
455.0,2017.0,0.031317744,0,0,1,✅ Normal
799.0,2018.0,0.03131059,0,0,1,✅ Normal
1667.0,2018.0,0.031081893,0,0,1,✅ Normal
817.0,2018.0,0.030223954,0,0,1,✅ Normal
220.0,2017.0,0.030170536,0,0,1,✅ Normal
182.0,2018.0,0.029729784,0,0,1,✅ Normal
1180.0,2018.0,0.029705312,0,0,1,✅ Normal
931.0,2018.0,0.029545564,0,0,1,✅ Normal
837.0,2018.0,0.029431587,0,0,1,✅ Normal
283.0,2017.0,0.029334433,0,0,1,✅ Normal
1006.0,2018.0,0.029276516,0,0,1,✅ Normal
1180.0,2017.0,0.028995475,0,0,1,✅ Normal
1708.0,2018.0,0.028932616,0,0,1,✅ Normal
726.0,2018.0,0.028730307,0,0,1,✅ Normal
1616.0,2018.0,0.028694868,0,0,1,✅ Normal
1183.0,2017.0,0.028692305,0,0,1,✅ Normal
1040.0,2018.0,0.028662771,0,0,1,✅ Normal
812.0,2017.0,0.02862269,0,0,1,✅ Normal
1396.0,2018.0,0.027992805,0,0,1,✅ Normal
411.0,2018.0,0.027960503,0,0,1,✅ Normal
1704.0,2018.0,0.027907073,0,0,1,✅ Normal
234.0,2018.0,0.027389348,0,0,1,✅ Normal
1372.0,2018.0,0.02716237,0,0,1,✅ Normal
1394.0,2018.0,0.027077755,0,0,1,✅ Normal
1333.0,2018.0,0.027001537,0,0,1,✅ Normal
751.0,2017.0,0.026787357,0,0,1,✅ Normal
1555.0,2018.0,0.026786897,0,0,1,✅ Normal
1562.0,2018.0,0.026775371,0,0,1,✅ Normal
486.0,2017.0,0.026717082,0,0,1,✅ Normal
1413.0,2018.0,0.02667631,0,0,1,✅ Normal
277.0,2018.0,0.026647015,0,0,1,✅ Normal
1448.0,2018.0,0.026527982,0,0,1,✅ Normal
1446.0,2018.0,0.026470235,0,0,1,✅ Normal
1061.0,2018.0,0.026441244,0,0,1,✅ Normal
363.0,2018.0,0.0262023,0,0,1,✅ Normal
580.0,2018.0,0.02599879,0,0,1,✅ Normal
1701.0,2018.0,0.025942737,0,0,1,✅ Normal
217.0,2018.0,0.025911553,0,0,1,✅ Normal
983.0,2018.0,0.025889045,0,0,1,✅ Normal
1171.0,2018.0,0.025878152,0,0,1,✅ Normal
1184.0,2017.0,0.02584932,0,0,1,✅ Normal
1084.0,2018.0,0.02569173,0,0,1,✅ Normal
300.0,2017.0,0.025606524,0,0,1,✅ Normal
730.0,2018.0,0.025490388,0,0,1,✅ Normal
589.0,2018.0,0.025370222,0,0,1,✅ Normal
1134.0,2018.0,0.025005233,0,0,1,✅ Normal
590.0,2018.0,0.024969092,0,0,1,✅ Normal
750.0,2017.0,0.024926517,0,0,1,✅ Normal
1022.0,2018.0,0.024859974,0,0,1,✅ Normal
951.0,2018.0,0.024787502,0,0,1,✅ Normal
859.0,2018.0,0.024627665,0,0,1,✅ Normal
1157.0,2018.0,0.024535991,0,0,1,✅ Normal
647.0,2018.0,0.024305126,0,0,1,✅ Normal
399.0,2018.0,0.02425635,0,0,1,✅ Normal
235.0,2017.0,0.024034945,0,0,1,✅ Normal
826.0,2017.0,0.023964345,0,0,1,✅ Normal
769.0,2018.0,0.023656823,0,0,1,✅ Normal
1010.0,2018.0,0.023619821,0,0,1,✅ Normal
168.0,2018.0,0.02346392,0,0,1,✅ Normal
1727.0,2018.0,0.023433095,0,0,1,✅ Normal
262.0,2018.0,0.023372257,0,0,1,✅ Normal
907.0,2018.0,0.02304416,0,0,1,✅ Normal
734.0,2017.0,0.022883132,0,0,1,✅ Normal
1668.0,2018.0,0.022733685,0,0,1,✅ Normal
1623.0,2018.0,0.022716079,0,0,1,✅ Normal
845.0,2018.0,0.022486646,0,0,1,✅ Normal
659.0,2018.0,0.022151643,0,0,1,✅ Normal
1730.0,2018.0,0.021982038,0,0,1,✅ Normal
507.0,2018.0,0.02171757,0,0,1,✅ Normal
779.0,2018.0,0.02155408,0,0,1,✅ Normal
644.0,2018.0,0.021328663,0,0,1,✅ Normal
905.0,2018.0,0.02117373,0,0,1,✅ Normal
1414.0,2018.0,0.020999111,0,0,1,✅ Normal
1670.0,2018.0,0.020690262,0,0,1,✅ Normal
1474.0,2018.0,0.020636018,0,0,1,✅ Normal
286.0,2018.0,0.020599991,0,0,1,✅ Normal
678.0,2018.0,0.020577746,0,0,1,✅ Normal
723.0,2018.0,0.020320784,0,0,1,✅ Normal
1066.0,2018.0,0.020067522,0,0,1,✅ Normal
106.0,2018.0,0.020019915,0,0,1,✅ Normal
709.0,2018.0,0.020010155,0,0,1,✅ Normal
910.0,2018.0,0.019825654,0,0,1,✅ Normal
1132.0,2018.0,0.019799488,0,0,1,✅ Normal
571.0,2018.0,0.019655177,0,0,1,✅ Normal
1009.0,2018.0,0.019553445,0,0,1,✅ Normal
1586.0,2018.0,0.019494837,0,0,1,✅ Normal
1318.0,2018.0,0.019393805,0,0,1,✅ Normal
637.0,2018.0,0.019188033,0,0,1,✅ Normal
734.0,2018.0,0.019087702,0,0,1,✅ Normal
1499.0,2018.0,0.018873814,0,0,1,✅ Normal
828.0,2018.0,0.01872178,0,0,1,✅ Normal
205.0,2018.0,0.018595146,0,0,1,✅ Normal
387.0,2018.0,0.01858205,0,0,1,✅ Normal
1572.0,2018.0,0.018489802,0,0,1,✅ Normal
154.0,2018.0,0.018376015,0,0,1,✅ Normal
1070.0,2018.0,0.018321905,0,0,1,✅ Normal
1712.0,2018.0,0.018273933,0,0,1,✅ Normal
1140.0,2018.0,0.018166497,0,0,1,✅ Normal
1339.0,2018.0,0.017897008,0,0,1,✅ Normal
372.0,2018.0,0.017710183,0,0,1,✅ Normal
449.0,2017.0,0.017695349,0,0,1,✅ Normal
231.0,2017.0,0.01767204,0,0,1,✅ Normal
437.0,2018.0,0.017539252,0,0,1,✅ Normal
1036.0,2018.0,0.017263735,0,0,1,✅ Normal
390.0,2018.0,0.017194614,0,0,1,✅ Normal
967.0,2018.0,0.017149666,0,0,1,✅ Normal
1681.0,2018.0,0.017108845,0,0,1,✅ Normal
1292.0,2018.0,0.016992891,0,0,1,✅ Normal
1412.0,2018.0,0.016926898,0,1,0,✅ Normal
1179.0,2018.0,0.016781436,0,0,1,✅ Normal
940.0,2018.0,0.016740605,0,0,1,✅ Normal
1604.0,2018.0,0.016545827,0,0,1,✅ Normal
610.0,2018.0,0.016517786,0,0,1,✅ Normal
608.0,2018.0,0.016240928,0,0,1,✅ Normal
1059.0,2018.0,0.016158687,0,0,1,✅ Normal
969.0,2018.0,0.016113877,0,0,1,✅ Normal
1083.0,2018.0,0.016000684,0,0,1,✅ Normal
649.0,2018.0,0.015987506,0,0,1,✅ Normal
898.0,2018.0,0.015950205,0,0,1,✅ Normal
941.0,2018.0,0.015848337,0,0,1,✅ Normal
151.0,2018.0,0.015805243,0,0,1,✅ Normal
277.0,2017.0,0.01572986,0,0,1,✅ Normal
1051.0,2018.0,0.015593465,0,0,1,✅ Normal
908.0,2018.0,0.015585541,0,0,1,✅ Normal
1553.0,2018.0,0.015495564,0,0,1,✅ Normal
676.0,2018.0,0.0154319545,0,0,1,✅ Normal
313.0,2018.0,0.015382182,0,0,1,✅ Normal
480.0,2017.0,0.015180164,0,0,1,✅ Normal
1221.0,2018.0,0.0151710855,0,0,1,✅ Normal
1662.0,2018.0,0.015131033,0,0,1,✅ Normal
1664.0,2018.0,0.015093002,0,0,1,✅ Normal
836.0,2018.0,0.015032353,0,0,1,✅ Normal
1609.0,2018.0,0.015003265,0,0,1,✅ Normal
231.0,2018.0,0.014991599,0,0,1,✅ Normal
1049.0,2018.0,0.014573414,0,0,1,✅ Normal
1593.0,2018.0,0.0145727005,0,0,1,✅ Normal
733.0,2018.0,0.014550485,0,0,1,✅ Normal
1343.0,2018.0,0.014514169,0,0,1,✅ Normal
778.0,2017.0,0.014466585,0,0,1,✅ Normal
1031.0,2018.0,0.0144072715,0,0,1,✅ Normal
128.0,2018.0,0.01436513,0,0,1,✅ Normal
1445.0,2018.0,0.014343771,0,0,1,✅ Normal
713.0,2018.0,0.014243694,0,0,1,✅ Normal
1722.0,2018.0,0.014225174,0,0,1,✅ Normal
1685.0,2018.0,0.014105813,0,0,1,✅ Normal
785.0,2018.0,0.013996609,0,0,1,✅ Normal
780.0,2017.0,0.013949543,0,0,1,✅ Normal
344.0,2018.0,0.01392897,0,0,1,✅ Normal
995.0,2018.0,0.013824146,0,0,1,✅ Normal
632.0,2018.0,0.01367381,0,0,1,✅ Normal
1100.0,2018.0,0.013635226,0,0,1,✅ Normal
427.0,2018.0,0.013578394,0,0,1,✅ Normal
1029.0,2018.0,0.013528699,0,0,1,✅ Normal
134.0,2018.0,0.013490169,0,0,1,✅ Normal
492.0,2017.0,0.013490164,0,0,1,✅ Normal
652.0,2018.0,0.013453155,0,0,1,✅ Normal
492.0,2018.0,0.013390927,0,0,1,✅ Normal
1694.0,2018.0,0.013318479,0,0,1,✅ Normal
727.0,2017.0,0.013216738,0,0,1,✅ Normal
237.0,2017.0,0.013204629,0,0,1,✅ Normal
1716.0,2018.0,0.01314011,0,0,1,✅ Normal
720.0,2018.0,0.013083284,0,0,1,✅ Normal
479.0,2017.0,0.013070686,0,0,1,✅ Normal
1595.0,2018.0,0.013053984,0,0,1,✅ Normal
727.0,2018.0,0.012946917,0,0,1,✅ Normal
413.0,2018.0,0.012874663,0,0,1,✅ Normal
1263.0,2018.0,0.012604144,0,0,1,✅ Normal
370.0,2018.0,0.012503987,0,0,1,✅ Normal
1042.0,2018.0,0.0124187665,0,0,1,✅ Normal
242.0,2018.0,0.012360345,0,0,1,✅ Normal
1054.0,2018.0,0.0123568,0,0,1,✅ Normal
924.0,2018.0,0.012336757,0,0,1,✅ Normal
706.0,2018.0,0.012246309,0,0,1,✅ Normal
1565.0,2018.0,0.012208357,0,0,1,✅ Normal
1039.0,2018.0,0.012026859,0,0,1,✅ Normal
763.0,2018.0,0.0119636515,0,0,1,✅ Normal
782.0,2017.0,0.011905118,0,0,1,✅ Normal
767.0,2018.0,0.011868601,0,0,1,✅ Normal
740.0,2018.0,0.011863402,0,1,0,✅ Normal
230.0,2017.0,0.011784849,0,0,1,✅ Normal
673.0,2018.0,0.011627468,0,0,1,✅ Normal
1680.0,2018.0,0.011484403,0,0,1,✅ Normal
221.0,2017.0,0.011484166,0,0,1,✅ Normal
971.0,2018.0,0.011479333,0,0,1,✅ Normal
733.0,2017.0,0.011444868,0,0,1,✅ Normal
1279.0,2018.0,0.011192344,0,0,1,✅ Normal
1203.0,2018.0,0.01118882,0,0,1,✅ Normal
1678.0,2018.0,0.011170385,0,0,1,✅ Normal
1274.0,2018.0,0.011165878,0,0,1,✅ Normal
1577.0,2018.0,0.011009863,0,0,1,✅ Normal
962.0,2018.0,0.010732571,0,0,1,✅ Normal
1527.0,2018.0,0.010710949,0,0,1,✅ Normal
807.0,2018.0,0.0106828315,0,0,1,✅ Normal
914.0,2018.0,0.010645613,0,0,1,✅ Normal
1559.0,2018.0,0.010581521,0,0,1,✅ Normal
1263.0,2017.0,0.010539996,0,0,1,✅ Normal
324.0,2018.0,0.010491582,0,0,1,✅ Normal
1017.0,2018.0,0.010352395,0,0,1,✅ Normal
95.0,2018.0,0.010317304,0,0,1,✅ Normal
60.0,2018.0,0.010214231,0,0,1,✅ Normal
624.0,2018.0,0.010197588,0,0,1,✅ Normal
1657.0,2018.0,0.010138314,0,0,1,✅ Normal
449.0,2018.0,0.010119497,0,0,1,✅ Normal
496.0,2018.0,0.010091159,0,0,1,✅ Normal
211.0,2018.0,0.010087729,0,0,1,✅ Normal
938.0,2018.0,0.01005328,0,0,1,✅ Normal
780.0,2018.0,0.010047407,0,0,1,✅ Normal
1299.0,2018.0,0.009968623,0,0,1,✅ Normal
743.0,2018.0,0.009960696,0,0,1,✅ Normal
944.0,2018.0,0.00977249,0,0,1,✅ Normal
1677.0,2018.0,0.009572031,0,0,1,✅ Normal
703.0,2018.0,0.009543426,0,0,1,✅ Normal
1575.0,2018.0,0.009458865,0,0,1,✅ Normal
1425.0,2018.0,0.009439643,0,0,1,✅ Normal
1741.0,2018.0,0.009296042,0,0,1,✅ Normal
710.0,2018.0,0.009244636,0,0,1,✅ Normal
1165.0,2018.0,0.009219631,0,0,1,✅ Normal
1430.0,2018.0,0.009195566,0,0,1,✅ Normal
554.0,2018.0,0.009144901,0,0,1,✅ Normal
861.0,2018.0,0.009110468,0,0,1,✅ Normal
435.0,2018.0,0.009072083,0,0,1,✅ Normal
917.0,2018.0,0.009067081,0,0,1,✅ Normal
701.0,2018.0,0.009060456,0,0,1,✅ Normal
736.0,2018.0,0.00905315,0,0,1,✅ Normal
1525.0,2018.0,0.009048536,0,0,1,✅ Normal
1654.0,2018.0,0.009047104,0,0,1,✅ Normal
899.0,2018.0,0.009015281,0,0,1,✅ Normal
321.0,2018.0,0.008965612,0,0,1,✅ Normal
686.0,2018.0,0.008933281,0,0,1,✅ Normal
1713.0,2018.0,0.008859971,0,0,1,✅ Normal
1052.0,2018.0,0.00883783,0,0,1,✅ Normal
602.0,2018.0,0.00870947,0,0,1,✅ Normal
904.0,2018.0,0.008677146,0,1,0,✅ Normal
251.0,2018.0,0.00864773,0,0,1,✅ Normal
801.0,2018.0,0.008640603,0,0,1,✅ Normal
268.0,2018.0,0.0085468115,0,0,1,✅ Normal
813.0,2017.0,0.008344672,0,0,1,✅ Normal
1570.0,2018.0,0.008330939,0,0,1,✅ Normal
1329.0,2018.0,0.008239008,0,0,1,✅ Normal
1067.0,2018.0,0.008211639,0,0,1,✅ Normal
684.0,2018.0,0.008129033,0,0,1,✅ Normal
1072.0,2018.0,0.008109126,0,0,1,✅ Normal
976.0,2018.0,0.008040387,0,0,1,✅ Normal
1709.0,2018.0,0.007978931,0,0,1,✅ Normal
1215.0,2018.0,0.007834614,0,0,1,✅ Normal
623.0,2018.0,0.00783172,0,0,1,✅ Normal
1731.0,2018.0,0.0077130212,0,0,1,✅ Normal
346.0,2018.0,0.007652842,0,0,1,✅ Normal
888.0,2018.0,0.0076439097,0,0,1,✅ Normal
391.0,2018.0,0.007623446,0,0,1,✅ Normal
1098.0,2018.0,0.0075998115,0,0,1,✅ Normal
553.0,2018.0,0.0075571625,0,0,1,✅ Normal
1415.0,2018.0,0.0075166756,0,0,1,✅ Normal
902.0,2018.0,0.007348212,0,0,1,✅ Normal
317.0,2018.0,0.0073137586,0,0,1,✅ Normal
674.0,2018.0,0.007118722,0,0,1,✅ Normal
1093.0,2018.0,0.00711451,0,0,1,✅ Normal
527.0,2018.0,0.007090041,0,0,1,✅ Normal
921.0,2018.0,0.007072781,0,0,1,✅ Normal
633.0,2018.0,0.007037036,0,0,1,✅ Normal
741.0,2018.0,0.006972087,0,0,1,✅ Normal
1613.0,2018.0,0.006927056,0,0,1,✅ Normal
1179.0,2017.0,0.0069175693,0,0,1,✅ Normal
789.0,2018.0,0.0068590534,0,0,1,✅ Normal
309.0,2018.0,0.006812143,0,0,1,✅ Normal
836.0,2017.0,0.006782495,0,0,1,✅ Normal
1126.0,2018.0,0.0067587756,0,0,1,✅ Normal
600.0,2018.0,0.006708958,0,0,1,✅ Normal
1015.0,2018.0,0.006702041,0,0,1,✅ Normal
1172.0,2018.0,0.0066338284,0,0,1,✅ Normal
365.0,2018.0,0.0066163517,0,0,1,✅ Normal
1118.0,2018.0,0.0065729585,0,0,1,✅ Normal
258.0,2018.0,0.0065626698,0,1,0,✅ Normal
1563.0,2018.0,0.006542103,0,0,1,✅ Normal
402.0,2018.0,0.006541685,0,0,1,✅ Normal
586.0,2018.0,0.006534697,0,0,1,✅ Normal
1742.0,2018.0,0.006531494,0,0,1,✅ Normal
720.0,2017.0,0.006497802,0,0,1,✅ Normal
823.0,2018.0,0.0064824256,0,0,1,✅ Normal
723.0,2017.0,0.006464103,0,0,1,✅ Normal
374.0,2018.0,0.006429665,0,0,1,✅ Normal
431.0,2018.0,0.0063373335,0,0,1,✅ Normal
1740.0,2018.0,0.0063076993,0,0,1,✅ Normal
1063.0,2018.0,0.00630331,0,0,1,✅ Normal
1707.0,2018.0,0.0060790726,0,0,1,✅ Normal
552.0,2018.0,0.0060448176,0,0,1,✅ Normal
153.0,2018.0,0.0059409514,0,0,1,✅ Normal
1136.0,2018.0,0.0058938423,0,0,1,✅ Normal
221.0,2018.0,0.005872149,0,0,1,✅ Normal
935.0,2018.0,0.0058682696,0,0,1,✅ Normal
273.0,2017.0,0.0058227526,0,0,1,✅ Normal
1024.0,2018.0,0.0057656234,0,0,1,✅ Normal
616.0,2018.0,0.005737597,0,0,1,✅ Normal
1656.0,2018.0,0.005670295,0,0,1,✅ Normal
429.0,2017.0,0.0056161312,0,0,1,✅ Normal
403.0,2017.0,0.005579941,0,0,1,✅ Normal
1652.0,2018.0,0.005567752,0,0,1,✅ Normal
434.0,2018.0,0.005540863,0,0,1,✅ Normal
431.0,2017.0,0.0055195587,0,0,1,✅ Normal
1706.0,2018.0,0.0054905685,0,0,1,✅ Normal
546.0,2018.0,0.005488059,0,0,1,✅ Normal
827.0,2017.0,0.0054610893,0,0,1,✅ Normal
1620.0,2018.0,0.0053311815,0,0,1,✅ Normal
850.0,2018.0,0.0053093894,0,0,1,✅ Normal
974.0,2018.0,0.005221906,0,0,1,✅ Normal
1631.0,2018.0,0.005211929,0,0,1,✅ Normal
868.0,2018.0,0.0051563587,0,0,1,✅ Normal
391.0,2017.0,0.0051393206,0,0,1,✅ Normal
382.0,2017.0,0.005007461,0,0,1,✅ Normal
1407.0,2018.0,0.004921822,0,0,1,✅ Normal
1636.0,2018.0,0.004799472,0,0,1,✅ Normal
919.0,2018.0,0.004691271,0,0,1,✅ Normal
1675.0,2018.0,0.004686762,0,0,1,✅ Normal
1183.0,2018.0,0.0045896596,0,0,1,✅ Normal
243.0,2018.0,0.004584841,0,0,1,✅ Normal
1744.0,2018.0,0.0045734583,0,0,1,✅ Normal
1058.0,2018.0,0.0045238794,0,0,1,✅ Normal
159.0,2018.0,0.004467305,0,0,1,✅ Normal
561.0,2018.0,0.0044100257,0,0,1,✅ Normal
816.0,2017.0,0.0044063944,0,0,1,✅ Normal
677.0,2018.0,0.0043005864,0,0,1,✅ Normal
1290.0,2018.0,0.004229346,0,0,1,✅ Normal
1629.0,2018.0,0.0041920757,0,0,1,✅ Normal
930.0,2018.0,0.004108938,0,0,1,✅ Normal
798.0,2018.0,0.004082025,0,0,1,✅ Normal
1328.0,2018.0,0.004081701,0,0,1,✅ Normal
1648.0,2018.0,0.00407464,0,0,1,✅ Normal
1025.0,2018.0,0.004017396,0,0,1,✅ Normal
1744.0,2017.0,0.0038050294,0,0,1,✅ Normal
818.0,2018.0,0.0037965921,0,0,1,✅ Normal
443.0,2018.0,0.003776115,0,0,1,✅ Normal
1427.0,2018.0,0.0037717568,0,0,1,✅ Normal
619.0,2018.0,0.003737719,0,0,1,✅ Normal
1012.0,2018.0,0.0036120347,0,0,1,✅ Normal
294.0,2018.0,0.0035378675,0,0,1,✅ Normal
744.0,2018.0,0.003497776,0,0,1,✅ Normal
523.0,2018.0,0.003489514,0,0,1,✅ Normal
1044.0,2018.0,0.0034712795,0,0,1,✅ Normal
1625.0,2018.0,0.0034275968,0,0,1,✅ Normal
250.0,2018.0,0.0034203108,0,0,1,✅ Normal
923.0,2018.0,0.003369186,0,0,1,✅ Normal
1724.0,2018.0,0.0033426178,0,0,1,✅ Normal
790.0,2018.0,0.003288322,0,0,1,✅ Normal
373.0,2018.0,0.0032277466,0,0,1,✅ Normal
1695.0,2018.0,0.0031797332,0,0,1,✅ Normal
1331.0,2018.0,0.0031606457,0,0,1,✅ Normal
32.0,2018.0,0.0031466132,0,0,1,✅ Normal
939.0,2018.0,0.0031343591,0,0,1,✅ Normal
531.0,2018.0,0.0031143776,0,0,1,✅ Normal
929.0,2018.0,0.0030844428,0,0,1,✅ Normal
1055.0,2018.0,0.003030181,0,0,1,✅ Normal
483.0,2017.0,0.0029375441,0,0,1,✅ Normal
1053.0,2018.0,0.0029287655,0,0,1,✅ Normal
724.0,2018.0,0.0029194355,0,0,1,✅ Normal
808.0,2017.0,0.0029084547,0,0,1,✅ Normal
1643.0,2018.0,0.0028487118,0,0,1,✅ Normal
1086.0,2018.0,0.002836929,0,0,1,✅ Normal
1438.0,2018.0,0.0028366619,0,0,1,✅ Normal
294.0,2017.0,0.0028101262,0,0,1,✅ Normal
1596.0,2018.0,0.0027495734,0,0,1,✅ Normal
1590.0,2018.0,0.0027111445,0,0,1,✅ Normal
889.0,2018.0,0.0026660552,0,0,1,✅ Normal
170.0,2018.0,0.0026620075,0,0,1,✅ Normal
1011.0,2018.0,0.0026553255,0,0,1,✅ Normal
506.0,2018.0,0.0026310456,0,0,1,✅ Normal
290.0,2017.0,0.0026305602,0,0,1,✅ Normal
827.0,2018.0,0.0026260754,0,0,1,✅ Normal
1714.0,2018.0,0.002616572,0,0,1,✅ Normal
20.0,2018.0,0.0026151899,0,0,1,✅ Normal
694.0,2018.0,0.0026016554,0,0,1,✅ Normal
1172.0,2017.0,0.0025793433,0,0,1,✅ Normal
402.0,2017.0,0.00254284,0,0,1,✅ Normal
865.0,2018.0,0.0025022512,0,0,1,✅ Normal
672.0,2018.0,0.002473662,0,0,1,✅ Normal
1000.0,2018.0,0.0024548746,0,0,1,✅ Normal
603.0,2018.0,0.0023923626,0,0,1,✅ Normal
295.0,2018.0,0.0023589523,0,0,1,✅ Normal
1230.0,2018.0,0.00234869,0,0,1,✅ Normal
1094.0,2018.0,0.0023066688,0,0,1,✅ Normal
1370.0,2018.0,0.0022719924,0,0,1,✅ Normal
105.0,2018.0,0.0022648005,0,0,1,✅ Normal
1110.0,2018.0,0.002243026,0,0,1,✅ Normal
816.0,2018.0,0.0022161778,0,0,1,✅ Normal
1261.0,2017.0,0.0022062443,0,0,1,✅ Normal
1197.0,2017.0,0.0021911133,0,0,1,✅ Normal
477.0,2018.0,0.0021590404,0,0,1,✅ Normal
732.0,2018.0,0.0021472964,0,0,1,✅ Normal
1295.0,2018.0,0.0021394987,0,0,1,✅ Normal
1717.0,2018.0,0.0021281627,0,0,1,✅ Normal
999.0,2018.0,0.002126795,0,0,1,✅ Normal
1129.0,2018.0,0.0021251058,0,0,1,✅ Normal
831.0,2017.0,0.0020491194,0,0,1,✅ Normal
1603.0,2018.0,0.0019942028,0,0,1,✅ Normal
679.0,2018.0,0.0019708157,0,0,1,✅ Normal
1451.0,2018.0,0.00196385,0,0,1,✅ Normal
501.0,2018.0,0.0019453976,0,0,1,✅ Normal
1693.0,2018.0,0.0019310869,0,0,1,✅ Normal
123.0,2018.0,0.0018841496,0,0,1,✅ Normal
478.0,2017.0,0.0018572967,0,0,1,✅ Normal
1374.0,2018.0,0.0018519035,0,0,1,✅ Normal
1087.0,2018.0,0.0018476458,0,0,1,✅ Normal
237.0,2018.0,0.0018465486,0,0,1,✅ Normal
715.0,2018.0,0.0018359649,0,0,1,✅ Normal
1676.0,2018.0,0.001820061,0,0,1,✅ Normal
1079.0,2018.0,0.001816733,0,0,1,✅ Normal
1369.0,2018.0,0.0018118136,0,0,1,✅ Normal
383.0,2017.0,0.0017710204,0,0,1,✅ Normal
61.0,2018.0,0.0017501592,0,0,1,✅ Normal
447.0,2018.0,0.0017246437,0,0,1,✅ Normal
1688.0,2018.0,0.0017036613,0,0,1,✅ Normal
1615.0,2018.0,0.0017000263,0,0,1,✅ Normal
247.0,2018.0,0.0016548076,0,0,1,✅ Normal
1498.0,2018.0,0.0016475901,0,0,1,✅ Normal
1035.0,2018.0,0.0016040175,0,0,1,✅ Normal
274.0,2017.0,0.0015803507,0,0,1,✅ Normal
1304.0,2018.0,0.0015724458,0,0,1,✅ Normal
230.0,2018.0,0.0015703555,0,0,1,✅ Normal
419.0,2018.0,0.0015623138,0,0,1,✅ Normal
1197.0,2018.0,0.0015594846,0,0,1,✅ Normal
573.0,2018.0,0.001548557,0,0,1,✅ Normal
536.0,2018.0,0.0015309266,0,0,1,✅ Normal
1661.0,2018.0,0.0015010793,0,0,1,✅ Normal
533.0,2018.0,0.0014956624,0,0,1,✅ Normal
819.0,2018.0,0.0014611523,0,0,1,✅ Normal
916.0,2018.0,0.0014454225,0,0,1,✅ Normal
1473.0,2018.0,0.0014403947,0,0,1,✅ Normal
445.0,2017.0,0.0014142056,0,0,1,✅ Normal
549.0,2018.0,0.001365411,0,0,1,✅ Normal
732.0,2017.0,0.0013586469,0,0,1,✅ Normal
383.0,2018.0,0.0013376692,0,0,1,✅ Normal
973.0,2018.0,0.0013347841,0,0,1,✅ Normal
499.0,2018.0,0.0013014848,0,0,1,✅ Normal
698.0,2018.0,0.0012979667,0,0,1,✅ Normal
1428.0,2018.0,0.0012802606,0,0,1,✅ Normal
532.0,2018.0,0.0012688175,0,0,1,✅ Normal
434.0,2017.0,0.0012660186,0,0,1,✅ Normal
767.0,2017.0,0.0012637995,0,0,1,✅ Normal
870.0,2018.0,0.0012425723,0,0,1,✅ Normal
1672.0,2018.0,0.0012397263,0,0,1,✅ Normal
927.0,2018.0,0.0012252424,0,0,1,✅ Normal
965.0,2018.0,0.0011981643,0,0,1,✅ Normal
667.0,2018.0,0.0011950817,0,0,1,✅ Normal
293.0,2017.0,0.0011896301,0,0,1,✅ Normal
833.0,2017.0,0.0011737585,0,0,1,✅ Normal
1496.0,2018.0,0.0011724595,0,0,1,✅ Normal
1045.0,2018.0,0.0011522729,0,0,1,✅ Normal
808.0,2018.0,0.001117153,0,0,1,✅ Normal
664.0,2018.0,0.0010984218,0,0,1,✅ Normal
1684.0,2018.0,0.0010579429,0,0,1,✅ Normal
87.0,2018.0,0.0010560462,0,0,1,✅ Normal
566.0,2018.0,0.0010423686,0,0,1,✅ Normal
504.0,2018.0,0.0010195986,0,0,1,✅ Normal
1488.0,2018.0,0.0010126705,0,0,1,✅ Normal
634.0,2018.0,0.0009822634,0,0,1,✅ Normal
818.0,2017.0,0.0009820159,0,0,1,✅ Normal
1232.0,2018.0,0.00095587125,0,0,1,✅ Normal
526.0,2018.0,0.00095380616,0,0,1,✅ Normal
1162.0,2018.0,0.00093922054,0,0,1,✅ Normal
721.0,2018.0,0.00093748793,0,0,1,✅ Normal
377.0,2018.0,0.0009311018,0,0,1,✅ Normal
1316.0,2018.0,0.0009063507,0,0,1,✅ Normal
833.0,2018.0,0.0008922924,0,0,1,✅ Normal
353.0,2018.0,0.00088053156,0,0,1,✅ Normal
173.0,2018.0,0.0008689359,0,0,1,✅ Normal
1030.0,2018.0,0.00086779153,0,0,1,✅ Normal
1574.0,2018.0,0.00086605485,0,0,1,✅ Normal
276.0,2018.0,0.0008090633,0,0,1,✅ Normal
1091.0,2018.0,0.0008062868,0,0,1,✅ Normal
147.0,2018.0,0.0007743318,0,0,1,✅ Normal
796.0,2018.0,0.0007686459,0,0,1,✅ Normal
1203.0,2017.0,0.0007679892,0,0,1,✅ Normal
463.0,2018.0,0.00076565886,0,0,1,✅ Normal
1008.0,2018.0,0.00072011433,0,0,1,✅ Normal
721.0,2017.0,0.0007118593,0,0,1,✅ Normal
1056.0,2018.0,0.0006805702,0,0,1,✅ Normal
377.0,2017.0,0.00066221063,0,0,1,✅ Normal
1240.0,2018.0,0.0006515113,0,0,1,✅ Normal
896.0,2018.0,0.0006308474,0,0,1,✅ Normal
1250.0,2018.0,0.0006213046,0,0,1,✅ Normal
948.0,2018.0,0.0006151854,0,0,1,✅ Normal
901.0,2018.0,0.0006109681,0,0,1,✅ Normal
1082.0,2018.0,0.00060174474,0,0,1,✅ Normal
1023.0,2018.0,0.00059734675,0,0,1,✅ Normal
68.0,2018.0,0.0005656708,0,0,1,✅ Normal
1641.0,2018.0,0.0005467265,0,0,1,✅ Normal
345.0,2018.0,0.0005411294,0,0,1,✅ Normal
1599.0,2018.0,0.000540518,0,0,1,✅ Normal
985.0,2018.0,0.00053455116,0,0,1,✅ Normal
1096.0,2018.0,0.00050977955,0,0,1,✅ Normal
1634.0,2018.0,0.00049870723,0,0,1,✅ Normal
830.0,2018.0,0.00048955483,0,0,1,✅ Normal
989.0,2018.0,0.00047655313,0,0,1,✅ Normal
274.0,2018.0,0.00046906146,0,0,1,✅ Normal
471.0,2018.0,0.00046459885,0,0,1,✅ Normal
1065.0,2018.0,0.0004547867,0,0,1,✅ Normal
638.0,2018.0,0.0004530831,0,0,1,✅ Normal
1108.0,2018.0,0.0004491245,0,0,1,✅ Normal
156.0,2018.0,0.00044491948,0,0,1,✅ Normal
1611.0,2018.0,0.00044039648,0,0,1,✅ Normal
1278.0,2018.0,0.0004300995,0,0,1,✅ Normal
1320.0,2018.0,0.00042795154,0,0,1,✅ Normal
966.0,2018.0,0.00042271757,0,0,1,✅ Normal
1178.0,2018.0,0.00041943774,0,0,1,✅ Normal
877.0,2018.0,0.00040428143,0,0,1,✅ Normal
1080.0,2018.0,0.00037124543,0,0,1,✅ Normal
588.0,2018.0,0.00034907216,0,0,1,✅ Normal
770.0,2018.0,0.00030576842,0,0,1,✅ Normal
1233.0,2018.0,0.00030364862,0,0,1,✅ Normal
30.0,2018.0,0.00029968575,0,0,1,✅ Normal
960.0,2018.0,0.00028603425,0,0,1,✅ Normal
1711.0,2018.0,0.00028516154,0,0,1,✅ Normal
1642.0,2018.0,0.00027780706,0,0,1,✅ Normal
295.0,2017.0,0.00027628036,0,0,1,✅ Normal
90.0,2018.0,0.00027235656,0,0,1,✅ Normal
6.0,2018.0,0.00027226415,0,0,1,✅ Normal
1033.0,2018.0,0.00026653148,0,0,1,✅ Normal
1691.0,2018.0,0.00026404698,0,0,1,✅ Normal
77.0,2018.0,0.00025334203,0,0,1,✅ Normal
1606.0,2018.0,0.0002323926,0,0,1,✅ Normal
293.0,2018.0,0.00023056762,0,0,1,✅ Normal
1647.0,2018.0,0.00022817597,0,0,1,✅ Normal
333.0,2018.0,0.00020890281,0,0,1,✅ Normal
478.0,2018.0,0.00020658846,0,0,1,✅ Normal
1582.0,2018.0,0.00020449326,0,0,1,✅ Normal
994.0,2018.0,0.00019409522,0,0,1,✅ Normal
545.0,2018.0,0.00018748842,0,0,1,✅ Normal
158.0,2018.0,0.0001873669,0,0,1,✅ Normal
1020.0,2018.0,0.00017905186,0,0,1,✅ Normal
47.0,2018.0,0.0001738169,0,0,1,✅ Normal
778.0,2018.0,0.00016437641,0,0,1,✅ Normal
1698.0,2018.0,0.00016436417,0,0,1,✅ Normal
1200.0,2018.0,0.00015870717,0,0,1,✅ Normal
957.0,2018.0,0.00015533596,0,0,1,✅ Normal
656.0,2018.0,0.00015208493,0,0,1,✅ Normal
597.0,2018.0,0.00015173295,0,0,1,✅ Normal
794.0,2018.0,0.00014833367,0,0,1,✅ Normal
52.0,2018.0,0.00014812038,0,0,1,✅ Normal
689.0,2018.0,0.00014570035,0,0,1,✅ Normal
1001.0,2018.0,0.00014016916,0,0,1,✅ Normal
276.0,2017.0,0.00013758482,0,0,1,✅ Normal
1200.0,2017.0,0.00013598005,0,0,1,✅ Normal
830.0,2017.0,0.0001356973,0,0,1,✅ Normal
950.0,2018.0,0.00011772146,0,0,1,✅ Normal
1060.0,2018.0,0.00010828391,0,0,1,✅ Normal
1076.0,2018.0,0.00010558753,0,0,1,✅ Normal
1283.0,2018.0,9.5935044e-05,0,0,1,✅ Normal
1068.0,2018.0,9.197196e-05,0,0,1,✅ Normal
1174.0,2018.0,8.599212e-05,0,0,1,✅ Normal
1420.0,2018.0,8.2833205e-05,0,0,1,✅ Normal
1571.0,2018.0,8.059802e-05,0,0,1,✅ Normal
1638.0,2018.0,4.3825214e-05,0,0,1,✅ Normal
338.0,2018.0,3.920274e-05,0,0,1,✅ Normal
180.0,2018.0,3.176639e-05,0,0,1,✅ Normal
793.0,2018.0,2.8074244e-05,0,0,1,✅ Normal
79.0,2018.0,2.6928028e-05,0,0,1,✅ Normal
934.0,2018.0,2.4148625e-05,0,0,1,✅ Normal
